Cyclone Name,Province,Deaths,Affected,Houses destroyed,Houses damaged,Total Houses,Damage to Infrastructure (PhP),Damage to Agriculture + Fisheries (PhP),Year,Category
Conson,Metro Manila,2.0,2802.0,62.0,0.0,62,1705000.0,0.0,2010,Strong typhoon
Conson,Aurora,0.0,187.0,0.0,0.0,0,19300000.0,0.0,2010,Strong typhoon
Conson,Bataan,10.0,68692.0,232.0,2695.0,2927,4950000.0,579332.0,2010,Strong typhoon
Conson,Bulacan,3.0,189.0,0.0,0.0,0,23761000.0,0.0,2010,Strong typhoon
Conson,Pampanga,0.0,221.0,0.0,0.0,0,0.0,0.0,2010,Strong typhoon
Conson,Batangas,4.0,11605.0,102.0,1138.0,1240,15000000.0,0.0,2010,Strong typhoon
Conson,Cavite,12.0,247537.0,2558.0,32735.0,35293,0.0,11822730.0,2010,Strong typhoon
Conson,Laguna,10.0,87977.0,1516.0,8536.0,10052,3330000.0,47287410.0,2010,Strong typhoon
Conson,Quezon,35.0,19204.0,133.0,1764.0,1897,4585000.0,145210000.0,2010,Strong typhoon
Conson,Rizal,3.0,66678.0,2269.0,10917.0,13186,350000.0,26825503.0,2010,Strong typhoon
Conson,Camarines Norte,18.0,52561.0,480.0,7459.0,7939,53200000.0,5632999.0,2010,Strong typhoon
Conson,Camarines Sur,2.0,14845.0,1.0,119.0,120,0.0,150000.0,2010,Strong typhoon
Conson,Catanduanes,0.0,12885.0,25.0,544.0,569,8400000.0,401906.0,2010,Strong typhoon
Conson,Nueva Ecija,1.0,0.0,0.0,0.0,0,2400000.0,0.0,2010,Strong typhoon
Conson,Zambales,0.0,0.0,0.0,1.0,1,0.0,1500000.0,2010,Strong typhoon
Megi,Metro Manila,1.0,877.0,0.0,0.0,0,0.0,0.0,2010,Violent typhoon
Megi,Ilocos Norte,0.0,7982.0,0.0,85.0,85,36920000.0,151046117.0,2010,Violent typhoon
Megi,Ilocos Sur,2.0,8771.0,12.0,225.0,237,2800000.0,165377858.0,2010,Violent typhoon
Megi,La Union,2.0,57543.0,545.0,5560.0,6105,9175000.0,268300770.0,2010,Violent typhoon
Megi,Pangasinan,10.0,482392.0,1095.0,8378.0,9473,9245000.0,2406270823.0,2010,Violent typhoon
Megi,Cagayan,1.0,158267.0,1048.0,14737.0,15785,33900000.0,496408990.0,2010,Violent typhoon
Megi,Isabela,2.0,710460.0,25186.0,72828.0,98014,205649000.0,2089965630.0,2010,Violent typhoon
Megi,Nueva Vizcaya,0.0,6975.0,1.0,36.0,37,5150000.0,123488000.0,2010,Violent typhoon
Megi,Quirino,0.0,17142.0,0.0,23.0,23,4000000.0,58083000.0,2010,Violent typhoon
Megi,Aurora,0.0,2394.0,0.0,9.0,9,100000.0,44977172.0,2010,Violent typhoon
Megi,Bataan,0.0,20560.0,2.0,20.0,22,3900000.0,109269882.0,2010,Violent typhoon
Megi,Bulacan,0.0,120.0,0.0,0.0,0,0.0,579592911.0,2010,Violent typhoon
Megi,Nueva Ecija,1.0,27247.0,4.0,22.0,26,17700000.0,1587045618.0,2010,Violent typhoon
Megi,Pampanga,0.0,100664.0,13.0,10.0,23,150000.0,113428605.0,2010,Violent typhoon
Megi,Tarlac,2.0,74621.0,13.0,117.0,130,6600000.0,645425917.0,2010,Violent typhoon
Megi,Zambales,5.0,12266.0,43.0,388.0,431,11568750.0,80854150.0,2010,Violent typhoon
Megi,Cavite,0.0,372.0,0.0,0.0,0,0.0,0.0,2010,Violent typhoon
Megi,Rizal,0.0,411.0,0.0,0.0,0,0.0,0.0,2010,Violent typhoon
Megi,Abra,0.0,8726.0,3.0,209.0,212,25425000.0,118312579.0,2010,Violent typhoon
Megi,Apayao,0.0,35461.0,58.0,1089.0,1147,19050000.0,309963089.0,2010,Violent typhoon
Megi,Benguet,2.0,30222.0,20.0,284.0,304,22080094.0,56457746.0,2010,Violent typhoon
Megi,Ifugao,2.0,5797.0,69.0,322.0,391,9364900.0,381895213.0,2010,Violent typhoon
Megi,Kalinga,1.0,214637.0,1778.0,12753.0,14531,13170000.0,442055166.0,2010,Violent typhoon
Megi,Mountain Province,0.0,25077.0,158.0,1079.0,1237,19750000.0,117570528.0,2010,Violent typhoon
Aere,Metro Manila,1.0,535.0,0.0,0.0,0,0.0,0.0,2011,Tropical storm
Aere,Bulacan,1.0,465.0,4.0,37.0,41,0.0,0.0,2011,Tropical storm
Aere,Catanduanes,2.0,0.0,0.0,0.0,0,1469000.0,14718889.0,2011,Tropical storm
Aere,Camarines Sur,16.0,196904.0,12.0,1080.0,1092,330800000.0,534194064.0,2011,Tropical storm
Aere,Albay,6.0,85077.0,0.0,0.0,0,280897990.0,310771168.0,2011,Tropical storm
Aere,Sorsogon,1.0,29781.0,0.0,6596.0,6596,15150000.0,106982688.0,2011,Tropical storm
Aere,Masbate,2.0,6932.0,0.0,11.0,11,30670000.0,35476650.0,2011,Tropical storm
Aere,Negros Oriental,1.0,0.0,0.0,0.0,0,200000.0,0.0,2011,Tropical storm
Aere,Leyte,1.0,6860.0,1.0,4.0,5,23500000.0,0.0,2011,Tropical storm
Aere,Northern Samar,3.0,66366.0,9.0,1364.0,1373,28060000.0,0.0,2011,Tropical storm
Aere,Samar,1.0,3020.0,18.0,129.0,147,0.0,0.0,2011,Tropical storm
Aere,Zambales,0.0,288.0,0.0,0.0,0,0.0,12569360.0,2011,Tropical storm
Aere,Rizal,0.0,45.0,0.0,0.0,0,0.0,0.0,2011,Tropical storm
Aere,Camarines Norte,0.0,21275.0,20.0,868.0,888,508500000.0,16783466.0,2011,Tropical storm
Aere,Cebu,0.0,39.0,0.0,0.0,0,0.0,0.0,2011,Tropical storm
Aere,Eastern Samar,0.0,14250.0,0.0,45.0,45,0.0,0.0,2011,Tropical storm
Songda,Metro Manila,0.0,2725.0,0.0,0.0,0,0.0,0.0,2011,Violent typhoon
Songda,Isabela,0.0,126.0,0.0,0.0,0,0.0,0.0,2011,Violent typhoon
Songda,Albay,0.0,223110.0,0.0,0.0,0,0.0,0.0,2011,Violent typhoon
Songda,Camarines Norte,1.0,2710.0,0.0,0.0,0,0.0,0.0,2011,Violent typhoon
Songda,Camarines Sur,0.0,146697.0,0.0,0.0,0,0.0,0.0,2011,Violent typhoon
Songda,Catanduanes,1.0,13349.0,0.0,0.0,0,0.0,0.0,2011,Violent typhoon
Songda,Sorsogon,0.0,1281.0,0.0,0.0,0,0.0,0.0,2011,Violent typhoon
Songda,Zamboanga del Sur,0.0,8258.0,0.0,0.0,0,0.0,0.0,2011,Violent typhoon
Songda,Bukidnon,0.0,596.0,56.0,43.0,99,0.0,1422000.0,2011,Violent typhoon
Songda,Davao del Norte,0.0,48015.0,27.0,0.0,27,5488125.0,8823374.0,2011,Violent typhoon
Songda,Davao Oriental,0.0,40.0,0.0,0.0,0,0.0,0.0,2011,Violent typhoon
Songda,Benguet,2.0,0.0,0.0,0.0,0,0.0,0.0,2011,Violent typhoon
Songda,Lanao del Sur,0.0,0.0,0.0,5.0,5,0.0,0.0,2011,Violent typhoon
Dodong,Batangas,1.0,1086.0,36.0,300.0,336,0.0,0.0,2011,Tropical storm
Dodong,Romblon,1.0,0.0,0.0,0.0,0,0.0,0.0,2011,Tropical storm
Dodong,Zambales,0.0,0.0,0.0,0.0,0,0.0,0.0,2011,Tropical storm
Dodong,Cavite,0.0,40.0,0.0,0.0,0,0.0,0.0,2011,Tropical storm
Dodong,Metro Manila,0.0,25.0,0.0,0.0,0,0.0,0.0,2011,Tropical storm
Meari,Metro Manila,0.0,72687.0,0.0,22.0,22,0.0,0.0,2011,Severe tropical storm
Meari,Pangasinan,0.0,78580.0,0.0,0.0,0,0.0,0.0,2011,Severe tropical storm
Meari,Bataan,4.0,190134.0,8.0,25.0,33,17635700.0,1301257.0,2011,Severe tropical storm
Meari,Bulacan,2.0,511207.0,61.0,33.0,94,70800000.0,80256771.0,2011,Severe tropical storm
Meari,Nueva Ecija,0.0,40085.0,0.0,0.0,0,48500000.0,34151272.25,2011,Severe tropical storm
Meari,Pampanga,3.0,592172.0,1.0,13.0,14,120030000.0,34212657.0,2011,Severe tropical storm
Meari,Tarlac,0.0,67100.0,4.0,7.0,11,95500000.0,40292760.0,2011,Severe tropical storm
Meari,Zambales,1.0,25914.0,26.0,31.0,57,22575000.0,14088224.0,2011,Severe tropical storm
Meari,Batangas,0.0,4512.0,36.0,1035.0,1071,0.0,0.0,2011,Severe tropical storm
Meari,Cavite,0.0,8870.0,0.0,0.0,0,0.0,0.0,2011,Severe tropical storm
Meari,Rizal,1.0,91042.0,0.0,0.0,0,0.0,900600.0,2011,Severe tropical storm
Meari,Albay,0.0,107253.0,4.0,25.0,29,30800000.0,15962630.0,2011,Severe tropical storm
Meari,Camarines Sur,0.0,2820.0,0.0,0.0,0,0.0,2209222.5,2011,Severe tropical storm
Meari,Mountain Province,1.0,0.0,0.0,0.0,0,0.0,0.0,2011,Severe tropical storm
Meari,Iloilo,0.0,0.0,25.0,24.0,49,0.0,0.0,2011,Severe tropical storm
Juaning,Nueva Ecija,1.0,4603.0,0.0,0.0,0,0.0,0.0,2011,Severe tropical storm
Juaning,Cavite,2.0,0.0,0.0,0.0,0,0.0,0.0,2011,Severe tropical storm
Juaning,Quezon,2.0,1338.0,1.0,33.0,34,0.0,0.0,2011,Severe tropical storm
Juaning,Marinduque,3.0,0.0,0.0,0.0,0,0.0,0.0,2011,Severe tropical storm
Juaning,Albay,14.0,557448.0,180.0,350.0,530,1200279899.66,71145449.66,2011,Severe tropical storm
Juaning,Catanduanes,6.0,227.0,0.0,0.0,0,13114000.0,9389830.58,2011,Severe tropical storm
Juaning,Camarines Sur,8.0,319084.0,2.0,0.0,2,19750000.0,98494579.09,2011,Severe tropical storm
Juaning,Camarines Norte,7.0,37136.0,315.0,4595.0,4910,0.0,9225826.4,2011,Severe tropical storm
Juaning,Masbate,12.0,740.0,0.0,0.0,0,8200000.0,35165094.0,2011,Severe tropical storm
Juaning,Sorsogon,2.0,14782.0,1.0,4.0,5,1550000.0,4296288.46,2011,Severe tropical storm
Juaning,Iloilo,1.0,0.0,0.0,0.0,0,0.0,0.0,2011,Severe tropical storm
Juaning,Siquijor,1.0,0.0,0.0,0.0,0,0.0,0.0,2011,Severe tropical storm
Juaning,Leyte,1.0,0.0,0.0,0.0,0,0.0,0.0,2011,Severe tropical storm
Juaning,Metro Manila,1.0,370.0,0.0,0.0,0,0.0,0.0,2011,Severe tropical storm
Juaning,Ifugao,4.0,212.0,5.0,20.0,25,0.0,15148036.57,2011,Severe tropical storm
Juaning,Benguet,1.0,0.0,0.0,0.0,0,0.0,0.0,2011,Severe tropical storm
Juaning,La Union,0.0,5.0,0.0,0.0,0,0.0,0.0,2011,Severe tropical storm
Juaning,Pangasinan,0.0,1130.0,0.0,0.0,0,0.0,0.0,2011,Severe tropical storm
Juaning,Isabela,0.0,1304.0,0.0,6.0,6,0.0,14343.78,2011,Severe tropical storm
Juaning,Quirino,0.0,20253.0,8.0,96.0,104,0.0,267834.51,2011,Severe tropical storm
Juaning,Nueva Vizcaya,0.0,425.0,0.0,8.0,8,0.0,1364.96,2011,Severe tropical storm
Juaning,Aurora,0.0,6848.0,64.0,266.0,330,0.0,0.0,2011,Severe tropical storm
Juaning,Bulacan,0.0,179.0,0.0,0.0,0,0.0,841905.0,2011,Severe tropical storm
Juaning,Pampanga,0.0,7358.0,5.0,0.0,5,0.0,0.0,2011,Severe tropical storm
Juaning,Batangas,0.0,1230.0,2.0,200.0,202,0.0,0.0,2011,Severe tropical storm
Juaning,Lanao del Norte,0.0,3115.0,0.0,0.0,0,0.0,0.0,2011,Severe tropical storm
Juaning,Kalinga,0.0,3379.0,6.0,43.0,49,0.0,0.0,2011,Severe tropical storm
Juaning,Rizal,0.0,0.0,0.0,6.0,6,0.0,0.0,2011,Severe tropical storm
Juaning,Cebu,0.0,0.0,0.0,4.0,4,0.0,0.0,2011,Severe tropical storm
Nanmadol,Pangasinan,2.0,69939.0,10.0,13.0,23,61150000.0,100835231.14,2011,Very strong typhoon
Nanmadol,Ilocos Sur,4.0,5154.0,4.0,16.0,20,6850000.0,60755064.47,2011,Very strong typhoon
Nanmadol,Ilocos Norte,3.0,92641.0,35.0,143.0,178,68200000.0,78705904.03,2011,Very strong typhoon
Nanmadol,La Union,1.0,17606.0,10.0,98.0,108,34485000.0,49689587.68,2011,Very strong typhoon
Nanmadol,Zambales,4.0,214.0,4.0,7.0,11,0.0,0.0,2011,Very strong typhoon
Nanmadol,Bulacan,2.0,0.0,0.0,0.0,0,0.0,0.0,2011,Very strong typhoon
Nanmadol,Catanduanes,1.0,0.0,0.0,0.0,0,0.0,0.0,2011,Very strong typhoon
Nanmadol,Iloilo,1.0,20061.0,3.0,0.0,3,0.0,0.0,2011,Very strong typhoon
Nanmadol,Zamboanga del Sur,1.0,0.0,0.0,0.0,0,0.0,0.0,2011,Very strong typhoon
Nanmadol,Benguet,10.0,3570.0,29.0,187.0,216,84955000.0,70208000.0,2011,Very strong typhoon
Nanmadol,Abra,5.0,15814.0,4.0,114.0,118,26300000.0,49710000.0,2011,Very strong typhoon
Nanmadol,Mountain Province,1.0,12298.0,2.0,126.0,128,56800000.0,35989000.0,2011,Very strong typhoon
Nanmadol,Quezon,1.0,0.0,0.0,0.0,0,0.0,0.0,2011,Very strong typhoon
Nanmadol,Metro Manila,0.0,275.0,0.0,0.0,0,0.0,0.0,2011,Very strong typhoon
Nanmadol,Cagayan,0.0,127775.0,43.0,1823.0,1866,0.0,882560524.0,2011,Very strong typhoon
Nanmadol,Isabela,0.0,11908.0,0.0,20.0,20,0.0,60381223.47,2011,Very strong typhoon
Nanmadol,Nueva Vizcaya,0.0,155.0,0.0,34.0,34,0.0,2569875.0,2011,Very strong typhoon
Nanmadol,Tarlac,0.0,210.0,0.0,0.0,0,0.0,688000.0,2011,Very strong typhoon
Nanmadol,Albay,0.0,760.0,0.0,0.0,0,0.0,0.0,2011,Very strong typhoon
Nanmadol,Negros Occidental,0.0,9524.0,10.0,0.0,10,0.0,0.0,2011,Very strong typhoon
Nanmadol,Apayao,0.0,20475.0,4.0,296.0,300,22300000.0,171590000.0,2011,Very strong typhoon
Nanmadol,Kalinga,0.0,3089.0,1.0,41.0,42,55587000.0,70970000.0,2011,Very strong typhoon
Nesat,Metro Manila,6.0,77096.0,0.0,0.0,0,122373000.0,1980000.0,2011,Strong typhoon
Nesat,Ilocos Norte,0.0,45.0,9.0,0.0,9,0.0,0.0,2011,Strong typhoon
Nesat,Ilocos Sur,0.0,1580.0,0.0,0.0,0,3750000.0,0.0,2011,Strong typhoon
Nesat,La Union,1.0,10730.0,20.0,1128.0,1148,1650000.0,102000.0,2011,Strong typhoon
Nesat,Pangasinan,2.0,99931.0,82.0,3373.0,3455,15058500.0,1757000.0,2011,Strong typhoon
Nesat,Cagayan,1.0,72979.0,0.0,0.0,0,149375527.81,24031621.0,2011,Strong typhoon
Nesat,Isabela,1.0,191871.0,1468.0,10374.0,11842,135762000.0,494561257.75,2011,Strong typhoon
Nesat,Nueva Vizcaya,5.0,36541.0,153.0,958.0,1111,78450000.0,3545250.73,2011,Strong typhoon
Nesat,Quirino,0.0,115747.0,1674.0,8492.0,10166,48790000.0,109374858.76,2011,Strong typhoon
Nesat,Aurora,0.0,57146.0,545.0,5743.0,6288,30390000.0,179136585.0,2011,Strong typhoon
Nesat,Bataan,1.0,240659.0,420.0,2354.0,2774,25750000.0,344163300.0,2011,Strong typhoon
Nesat,Bulacan,24.0,587440.0,877.0,2429.0,3306,157350000.0,2578473867.0,2011,Strong typhoon
Nesat,Nueva Ecija,11.0,513320.0,361.0,1769.0,2130,233039090.0,3988649826.0,2011,Strong typhoon
Nesat,Pampanga,8.0,492763.0,88.0,1093.0,1181,156537080.0,1891006010.6,2011,Strong typhoon
Nesat,Tarlac,0.0,111868.0,26.0,71.0,97,168100000.0,899767418.0,2011,Strong typhoon
Nesat,Zambales,8.0,120806.0,1244.0,5373.0,6617,120704540.0,249505362.76,2011,Strong typhoon
Nesat,Batangas,1.0,4792.0,9.0,81.0,90,0.0,6484012.0,2011,Strong typhoon
Nesat,Cavite,0.0,18048.0,80.0,281.0,361,0.0,19543379.2,2011,Strong typhoon
Nesat,Laguna,0.0,195.0,0.0,3.0,3,0.0,70323825.0,2011,Strong typhoon
Nesat,Quezon,0.0,90.0,0.0,0.0,0,3350000.0,46631400.0,2011,Strong typhoon
Nesat,Rizal,1.0,109541.0,2.0,12.0,14,0.0,28644603.0,2011,Strong typhoon
Nesat,Occidental Mindoro,3.0,10178.0,3.0,1.0,4,85000000.0,537947320.0,2011,Strong typhoon
Nesat,Oriental Mindoro,0.0,236.0,0.0,0.0,0,0.0,0.0,2011,Strong typhoon
Nesat,Romblon,0.0,185.0,1.0,5.0,6,0.0,0.0,2011,Strong typhoon
Nesat,Albay,0.0,73324.0,0.0,8.0,8,21044905.0,121367100.14,2011,Strong typhoon
Nesat,Camarines Norte,0.0,95.0,0.0,0.0,0,0.0,12496384.9,2011,Strong typhoon
Nesat,Camarines Sur,2.0,38535.0,5.0,786.0,791,16015000.0,286479075.04,2011,Strong typhoon
Nesat,Catanduanes,1.0,2812.0,12.0,42.0,54,20700500.0,17132463.92,2011,Strong typhoon
Nesat,Antique,0.0,12.0,1.0,0.0,1,10000000.0,0.0,2011,Strong typhoon
Nesat,Iloilo,0.0,309.0,12.0,64.0,76,36190000.0,1070000.0,2011,Strong typhoon
Nesat,Abra,0.0,129.0,2.0,35.0,37,14400000.0,25040640.0,2011,Strong typhoon
Nesat,Apayao,0.0,10178.0,0.0,10.0,10,2190000.0,43740654.0,2011,Strong typhoon
Nesat,Benguet,1.0,961.0,14.0,36.0,50,4864000.0,40621675.0,2011,Strong typhoon
Nesat,Ifugao,4.0,6347.0,90.0,1157.0,1247,0.0,370852250.0,2011,Strong typhoon
Nesat,Kalinga,0.0,22457.0,8.0,322.0,330,0.0,171867880.0,2011,Strong typhoon
Nesat,Mountain Province,0.0,1809.0,3.0,111.0,114,4650000.0,130865750.0,2011,Strong typhoon
Nesat,Palawan,2.0,0.0,0.0,0.0,0,0.0,0.0,2011,Strong typhoon
Nesat,Sorsogon,0.0,0.0,2.0,15.0,17,0.0,29054560.11,2011,Strong typhoon
Nesat,Negros Occidental,0.0,0.0,2.0,4.0,6,15000000.0,60320000.0,2011,Strong typhoon
Nalgae,Ilocos Sur,1.0,20.0,0.0,0.0,0,0.0,0.0,2011,Very strong typhoon
Nalgae,La Union,0.0,8671.0,35.0,554.0,589,0.0,0.0,2011,Very strong typhoon
Nalgae,Pangasinan,3.0,231932.0,85.0,2593.0,2678,0.0,0.0,2011,Very strong typhoon
Nalgae,Cagayan,1.0,34498.0,3.0,3.0,6,1875527.81,0.0,2011,Very strong typhoon
Nalgae,Isabela,0.0,260904.0,2315.0,10289.0,12604,15200000.0,0.0,2011,Very strong typhoon
Nalgae,Nueva Vizcaya,0.0,52742.0,0.0,0.0,0,35000000.0,0.0,2011,Very strong typhoon
Nalgae,Quirino,0.0,55163.0,73.0,136.0,209,63000000.0,0.0,2011,Very strong typhoon
Nalgae,Aurora,0.0,14673.0,0.0,0.0,0,0.0,0.0,2011,Very strong typhoon
Nalgae,Bulacan,0.0,68402.0,104.0,485.0,589,0.0,0.0,2011,Very strong typhoon
Nalgae,Nueva Ecija,0.0,100633.0,89.0,475.0,564,0.0,0.0,2011,Very strong typhoon
Nalgae,Pampanga,2.0,89651.0,10.0,568.0,578,0.0,0.0,2011,Very strong typhoon
Nalgae,Tarlac,7.0,173739.0,40.0,108.0,148,0.0,0.0,2011,Very strong typhoon
Nalgae,Zambales,0.0,19300.0,77.0,56.0,133,0.0,0.0,2011,Very strong typhoon
Nalgae,Apayao,0.0,102.0,0.0,1.0,1,0.0,0.0,2011,Very strong typhoon
Nalgae,Benguet,1.0,139.0,2.0,27.0,29,0.0,0.0,2011,Very strong typhoon
Nalgae,Ifugao,0.0,211.0,10.0,78.0,88,0.0,0.0,2011,Very strong typhoon
Nalgae,Kalinga,0.0,2954.0,2.0,9.0,11,0.0,0.0,2011,Very strong typhoon
Nalgae,Mountain Province,0.0,29.0,3.0,11.0,14,0.0,0.0,2011,Very strong typhoon
Nalgae,Bataan,3.0,0.0,0.0,0.0,0,0.0,0.0,2011,Very strong typhoon
Banyan,Iloilo,5.0,1546.0,4.0,0.0,4,0.0,0.0,2011,Tropical storm
Banyan,Cebu,2.0,11390.0,1.0,2.0,3,0.0,0.0,2011,Tropical storm
Banyan,Agusan del Norte,1.0,0.0,0.0,0.0,0,0.0,0.0,2011,Tropical storm
Banyan,Romblon,2.0,5305.0,12.0,19.0,31,0.0,0.0,2011,Tropical storm
Banyan,Oriental Mindoro,0.0,1740.0,10.0,7.0,17,0.0,0.0,2011,Tropical storm
Banyan,Capiz,0.0,38621.0,2.0,0.0,2,0.0,0.0,2011,Tropical storm
Banyan,Occidental Mindoro,0.0,657.0,0.0,0.0,0,0.0,0.0,2011,Tropical storm
Banyan,Negros Occidental,0.0,15.0,0.0,0.0,0,0.0,0.0,2011,Tropical storm
Banyan,Southern Leyte,0.0,1832.0,0.0,0.0,0,0.0,0.0,2011,Tropical storm
Banyan,Misamis Oriental,0.0,1229.0,0.0,0.0,0,0.0,0.0,2011,Tropical storm
Banyan,South Cotabato,0.0,232.0,0.0,0.0,0,0.0,0.0,2011,Tropical storm
Banyan,Dinagat Islands,0.0,184.0,0.0,0.0,0,0.0,0.0,2011,Tropical storm
Washi,Bohol,0.0,10000.0,0.0,0.0,0,0.0,0.0,2011,Severe tropical storm
Washi,Negros Oriental,38.0,72556.0,1499.0,6583.0,8082,0.0,0.0,2011,Severe tropical storm
Washi,Zamboanga del Norte,11.0,4947.0,9.0,0.0,9,0.0,0.0,2011,Severe tropical storm
Washi,Bukidnon,42.0,14531.0,342.0,112.0,454,31444000.0,41858791.0,2011,Severe tropical storm
Washi,Lanao del Norte,490.0,483165.0,5249.0,14874.0,20123,287171100.0,37447176.0,2011,Severe tropical storm
Washi,Misamis Oriental,674.0,423920.0,7469.0,13059.0,20528,894493047.0,191009635.0,2011,Severe tropical storm
Washi,Davao de Oro,5.0,2510.0,16.0,2.0,18,0.0,0.0,2011,Severe tropical storm
Washi,Davao del Norte,0.0,2570.0,0.0,0.0,0,0.0,0.0,2011,Severe tropical storm
Washi,Agusan del Sur,0.0,320.0,15.0,0.0,15,0.0,0.0,2011,Severe tropical storm
Washi,Surigao del Sur,1.0,14328.0,204.0,2708.0,2912,15436000.0,1551400.0,2011,Severe tropical storm
Washi,Lanao del Sur,4.0,139879.0,56.0,151.0,207,0.0,0.0,2011,Severe tropical storm
Washi,Camarines Sur,2.0,0.0,0.0,0.0,0,0.0,384715.0,2011,Severe tropical storm
Washi,Cebu,1.0,0.0,0.0,0.0,0,0.0,0.0,2011,Severe tropical storm
Washi,Misamis Occidental,0.0,0.0,24.0,63.0,87,204825000.0,588823.0,2011,Severe tropical storm
Ferdie,Rizal,2.0,385.0,0.0,0.0,0,0.0,0.0,2012,Strong typhoon
Ferdie,Camarines Sur,2.0,0.0,0.0,0.0,0,0.0,0.0,2012,Strong typhoon
Ferdie,Laguna,1.0,1.0,0.0,0.0,0,0.0,0.0,2012,Strong typhoon
Ferdie,La Union,1.0,0.0,0.0,0.0,0,0.0,0.0,2012,Strong typhoon
Ferdie,Metro Manila,0.0,784.0,0.0,0.0,0,0.0,0.0,2012,Strong typhoon
Ferdie,Bulacan,0.0,109.0,0.0,0.0,0,0.0,0.0,2012,Strong typhoon
Ferdie,Cavite,0.0,175.0,0.0,0.0,0,0.0,0.0,2012,Strong typhoon
Ferdie,Occidental Mindoro,0.0,3664.0,0.0,0.0,0,5400000.0,1032000.0,2012,Strong typhoon
Igme,La Union,4.0,5527.0,0.0,29.0,29,0.0,0.0,2012,Strong typhoon
Igme,Ilocos Sur,0.0,79.0,1.0,13.0,14,0.0,0.0,2012,Strong typhoon
Igme,Misamis Oriental,0.0,0.0,0.0,2.0,2,0.0,0.0,2012,Strong typhoon
Igme,Zamboanga del Sur,3.0,0.0,0.0,0.0,0,0.0,0.0,2012,Strong typhoon
Igme,Quezon,1.0,0.0,0.0,0.0,0,0.0,0.0,2012,Strong typhoon
Jelawat,Palawan,0.0,273.0,0.0,0.0,0,0.0,0.0,2012,Violent typhoon
Jelawat,Zamboanga del Sur,0.0,7648.0,0.0,0.0,0,0.0,0.0,2012,Violent typhoon
Gaemi,Zambales,0.0,32.0,0.0,0.0,0,0.0,0.0,2012,Severe tropical storm
Gaemi,Occidental Mindoro,0.0,290.0,0.0,0.0,0,0.0,0.0,2012,Severe tropical storm
Son-Tinh,Batangas,8.0,2478.0,26.0,104.0,130,0.0,0.0,2012,Very strong typhoon
Son-Tinh,Marinduque,2.0,2236.0,5.0,0.0,5,53000000.0,1899970.0,2012,Very strong typhoon
Son-Tinh,Oriental Mindoro,3.0,38972.0,113.0,1657.0,1770,0.0,0.0,2012,Very strong typhoon
Son-Tinh,Romblon,4.0,5690.0,28.0,201.0,229,8700000.0,0.0,2012,Very strong typhoon
Son-Tinh,Masbate,1.0,4018.0,27.0,411.0,438,0.0,2737650.0,2012,Very strong typhoon
Son-Tinh,Sorsogon,1.0,0.0,0.0,0.0,0,0.0,0.0,2012,Very strong typhoon
Son-Tinh,Cebu,2.0,0.0,0.0,0.0,0,0.0,0.0,2012,Very strong typhoon
Son-Tinh,Leyte,1.0,2274.0,0.0,0.0,0,0.0,0.0,2012,Very strong typhoon
Son-Tinh,Sarangani,1.0,605.0,0.0,0.0,0,0.0,0.0,2012,Very strong typhoon
Son-Tinh,Cotabato,4.0,0.0,0.0,0.0,0,0.0,0.0,2012,Very strong typhoon
Son-Tinh,Quezon,0.0,4294.0,35.0,168.0,203,0.0,0.0,2012,Very strong typhoon
Son-Tinh,Occidental Mindoro,0.0,70.0,0.0,14.0,14,0.0,0.0,2012,Very strong typhoon
Son-Tinh,Samar,0.0,6070.0,2.0,3.0,5,0.0,0.0,2012,Very strong typhoon
Son-Tinh,Southern Leyte,0.0,1887.0,0.0,0.0,0,0.0,0.0,2012,Very strong typhoon
Son-Tinh,Zamboanga del Sur,0.0,20247.0,0.0,0.0,0,0.0,0.0,2012,Very strong typhoon
Son-Tinh,Zamboanga Sibugay,0.0,24555.0,0.0,0.0,0,110000.0,21432000.0,2012,Very strong typhoon
Son-Tinh,Misamis Occidental,0.0,3000.0,0.0,0.0,0,0.0,0.0,2012,Very strong typhoon
Bopha,Palawan,3.0,6060.0,875.0,424.0,1299,431000000.0,162378015.0,2012,Very strong typhoon
Bopha,Guimaras,0.0,805.0,0.0,0.0,0,0.0,0.0,2012,Very strong typhoon
Bopha,Iloilo,0.0,581.0,0.0,0.0,0,0.0,0.0,2012,Very strong typhoon
Bopha,Negros Occidental,0.0,7076.0,75.0,603.0,678,5300000.0,1421000.0,2012,Very strong typhoon
Bopha,Bohol,0.0,7869.0,20.0,85.0,105,6450000.0,14560060.0,2012,Very strong typhoon
Bopha,Cebu,6.0,21459.0,423.0,2189.0,2612,11100000.0,3263555.0,2012,Very strong typhoon
Bopha,Negros Oriental,2.0,39114.0,395.0,2642.0,3037,0.0,969060.0,2012,Very strong typhoon
Bopha,Siquijor,2.0,22000.0,303.0,3373.0,3676,9000000.0,498220.0,2012,Very strong typhoon
Bopha,Leyte,0.0,1214.0,0.0,0.0,0,0.0,0.0,2012,Very strong typhoon
Bopha,Northern Samar,1.0,5.0,0.0,0.0,0,0.0,0.0,2012,Very strong typhoon
Bopha,Southern Leyte,1.0,4665.0,0.0,0.0,0,0.0,0.0,2012,Very strong typhoon
Bopha,Zamboanga del Norte,0.0,602.0,0.0,0.0,0,0.0,0.0,2012,Very strong typhoon
Bopha,Zamboanga del Sur,0.0,2214.0,0.0,0.0,0,0.0,1691370.0,2012,Very strong typhoon
Bopha,Zamboanga Sibugay,1.0,756.0,0.0,0.0,0,0.0,0.0,2012,Very strong typhoon
Bopha,Bukidnon,6.0,230947.0,1039.0,4968.0,6007,249304500.0,799150052.02,2012,Very strong typhoon
Bopha,Camiguin,0.0,1552.0,21.0,166.0,187,10031000.0,72155939.05,2012,Very strong typhoon
Bopha,Lanao del Norte,0.0,145863.0,168.0,1788.0,1956,11300000.0,129455258.0,2012,Very strong typhoon
Bopha,Misamis Occidental,2.0,21757.0,92.0,127.0,219,2900000.0,18450735.0,2012,Very strong typhoon
Bopha,Misamis Oriental,7.0,123075.0,455.0,4078.0,4533,40446000.0,816665308.0,2012,Very strong typhoon
Bopha,Davao de Oro,612.0,655373.0,38653.0,56401.0,95054,2420283500.0,14634898910.0,2012,Very strong typhoon
Bopha,Davao del Norte,0.0,848798.0,227.0,2862.0,3089,1120694510.0,7820338240.0,2012,Very strong typhoon
Bopha,Davao del Sur,0.0,2812181.0,101.0,288.0,389,0.0,0.0,2012,Very strong typhoon
Bopha,Davao Oriental,395.0,530098.0,21975.0,8270.0,30245,2802994800.0,4650386640.0,2012,Very strong typhoon
Bopha,Cotabato,0.0,40955.0,0.0,0.0,0,10500000.0,22581342.0,2012,Very strong typhoon
Bopha,South Cotabato,8.0,3143.0,3.0,10.0,13,0.0,0.0,2012,Very strong typhoon
Bopha,Sultan Kudarat,0.0,18720.0,0.0,0.0,0,16260000.0,0.0,2012,Very strong typhoon
Bopha,Agusan del Norte,0.0,7022.0,54.0,493.0,547,78976000.0,21197120.0,2012,Very strong typhoon
Bopha,Agusan del Sur,13.0,239063.0,18354.0,19290.0,37644,154959800.0,149996493.0,2012,Very strong typhoon
Bopha,Dinagat Islands,0.0,2814.0,1.0,5.0,6,0.0,0.0,2012,Very strong typhoon
Bopha,Surigao del Norte,1.0,42695.0,18.0,943.0,961,19275000.0,4736700.0,2012,Very strong typhoon
Bopha,Surigao del Sur,5.0,154900.0,6156.0,17776.0,23932,135732700.0,15212480.0,2012,Very strong typhoon
Bopha,Lanao del Sur,0.0,146285.0,256.0,368.0,624,0.0,2000000.0,2012,Very strong typhoon
Bopha,Maguindanao,0.0,104337.0,0.0,0.0,0,0.0,2500000.0,2012,Very strong typhoon
Bopha,Capiz,1.0,0.0,0.0,0.0,0,0.0,0.0,2012,Very strong typhoon
Bopha,Biliran,1.0,0.0,0.0,0.0,0,0.0,0.0,2012,Very strong typhoon
Bopha,La Union,0.0,0.0,1.0,1.0,2,0.0,0.0,2012,Very strong typhoon
Bopha,Pangasinan,0.0,0.0,1.0,1.0,2,0.0,0.0,2012,Very strong typhoon
Wukong,Palawan,0.0,90.0,0.0,0.0,0,0.0,0.0,2012,Tropical storm
Wukong,Albay,0.0,14991.0,0.0,0.0,0,0.0,3979566.25,2012,Tropical storm
Wukong,Camarines Norte,0.0,330.0,0.0,0.0,0,0.0,0.0,2012,Tropical storm
Wukong,Iloilo,12.0,234106.0,1596.0,3340.0,4936,370041000.0,27415480.0,2012,Tropical storm
Wukong,Negros Occidental,0.0,2224.0,10.0,56.0,66,3820000.0,313480.0,2012,Tropical storm
Wukong,Aklan,3.0,55211.0,284.0,913.0,1197,87268000.0,20805850.0,2012,Tropical storm
Wukong,Capiz,2.0,67502.0,35.0,120.0,155,77000000.0,15308099.08,2012,Tropical storm
Wukong,Cebu,0.0,415.0,6.0,80.0,86,0.0,0.0,2012,Tropical storm
Wukong,Leyte,1.0,2424.0,0.0,13.0,13,0.0,0.0,2012,Tropical storm
Wukong,Catanduanes,1.0,0.0,0.0,0.0,0,0.0,0.0,2012,Tropical storm
Wukong,Eastern Samar,4.0,0.0,0.0,0.0,0,0.0,0.0,2012,Tropical storm
Sonamu,Palawan,2.0,946.0,57.0,122.0,179,0.0,0.0,2013,Severe tropical storm
Sonamu,Zamboanga del Norte,0.0,1136.0,6.0,0.0,6,0.0,0.0,2013,Severe tropical storm
Sonamu,Oriental Mindoro,0.0,15.0,0.0,0.0,0,0.0,0.0,2013,Severe tropical storm
Sonamu,Davao de Oro,0.0,556.0,0.0,0.0,0,0.0,0.0,2013,Severe tropical storm
Sonamu,Davao del Norte,0.0,7944.0,0.0,0.0,0,0.0,0.0,2013,Severe tropical storm
Bising,Davao de Oro,0.0,300.0,0.0,0.0,0,0.0,0.0,2013,Tropical depression
Bising,Sarangani,0.0,90.0,0.0,0.0,0,0.0,0.0,2013,Tropical depression
Bising,South Cotabato,0.0,2805.0,0.0,0.0,0,0.0,0.0,2013,Tropical depression
Bising,Agusan del Norte,0.0,11470.0,0.0,0.0,0,0.0,0.0,2013,Tropical depression
Bising,Agusan del Sur,0.0,1014.0,0.0,0.0,0,0.0,0.0,2013,Tropical depression
Bising,Surigao del Sur,0.0,1122.0,0.0,0.0,0,0.0,0.0,2013,Tropical depression
Crising,Davao de Oro,2.0,15050.0,0.0,0.0,0,0.0,0.0,2013,Tropical storm
Crising,Davao del Norte,6.0,163042.0,0.0,0.0,0,0.0,11241800.0,2013,Tropical storm
Crising,Davao Oriental,3.0,34688.0,0.0,0.0,0,0.0,0.0,2013,Tropical storm
Crising,Agusan del Sur,1.0,0.0,0.0,0.0,0,0.0,0.0,2013,Tropical storm
Crising,Oriental Mindoro,0.0,250.0,0.0,0.0,0,0.0,0.0,2013,Tropical storm
Crising,Bohol,0.0,3745.0,0.0,0.0,0,0.0,0.0,2013,Tropical storm
Crising,Leyte,0.0,44.0,0.0,0.0,0,0.0,0.0,2013,Tropical storm
Crising,Zamboanga del Norte,0.0,11725.0,0.0,0.0,0,0.0,0.0,2013,Tropical storm
Crising,Bukidnon,0.0,8075.0,0.0,0.0,0,0.0,0.0,2013,Tropical storm
Crising,Lanao del Norte,0.0,369.0,0.0,0.0,0,0.0,0.0,2013,Tropical storm
Crising,Davao del Sur,0.0,7830.0,0.0,0.0,0,0.0,0.0,2013,Tropical storm
Crising,Cotabato,0.0,68343.0,0.0,0.0,0,0.0,0.0,2013,Tropical storm
Crising,Agusan del Norte,0.0,20300.0,0.0,0.0,0,0.0,0.0,2013,Tropical storm
Crising,Maguindanao,0.0,27116.0,0.0,0.0,0,0.0,0.0,2013,Tropical storm
Rumbia,Iloilo,7.0,15.0,0.0,0.0,0,0.0,0.0,2013,Severe tropical storm
Rumbia,Quezon,0.0,230.0,0.0,0.0,0,0.0,0.0,2013,Severe tropical storm
Rumbia,Oriental Mindoro,0.0,54.0,0.0,0.0,0,0.0,0.0,2013,Severe tropical storm
Rumbia,Albay,0.0,1685.0,0.0,0.0,0,0.0,0.0,2013,Severe tropical storm
Rumbia,Camarines Sur,0.0,343.0,0.0,0.0,0,0.0,737894.3,2013,Severe tropical storm
Rumbia,Sorsogon,0.0,10.0,0.0,0.0,0,0.0,11000.0,2013,Severe tropical storm
Rumbia,Leyte,0.0,4081.0,0.0,0.0,0,0.0,0.0,2013,Severe tropical storm
Utor,Pangasinan,3.0,18017.0,8.0,18.0,26,0.0,0.0,2013,Violent typhoon
Utor,Nueva Vizcaya,1.0,43584.0,80.0,772.0,852,164412500.0,7484125.0,2013,Violent typhoon
Utor,Isabela,1.0,4061.0,9.0,188.0,197,14060000.0,179992892.5,2013,Violent typhoon
Utor,Aurora,2.0,61235.0,1868.0,9491.0,11359,42110000.0,388792210.0,2013,Violent typhoon
Utor,Quezon,1.0,0.0,0.0,0.0,0,0.0,0.0,2013,Violent typhoon
Utor,Cebu,2.0,0.0,0.0,0.0,0,0.0,0.0,2013,Violent typhoon
Utor,Benguet,1.0,885.0,0.0,0.0,0,44672941.93,2397540.12,2013,Violent typhoon
Utor,La Union,0.0,2854.0,2.0,2.0,4,2200000.0,11912070.0,2013,Violent typhoon
Utor,Quirino,0.0,114441.0,588.0,7612.0,8200,53177000.0,209325755.0,2013,Violent typhoon
Utor,Bulacan,0.0,29346.0,1.0,0.0,1,0.0,38430314.0,2013,Violent typhoon
Utor,Nueva Ecija,0.0,39584.0,0.0,0.0,0,0.0,60782440.0,2013,Violent typhoon
Utor,Pampanga,0.0,5772.0,3.0,6.0,9,0.0,2503324.0,2013,Violent typhoon
Utor,Zambales,0.0,85720.0,22.0,348.0,370,86951143.75,63802284.75,2013,Violent typhoon
Utor,Albay,0.0,814.0,0.0,0.0,0,0.0,0.0,2013,Violent typhoon
Utor,Sorsogon,0.0,42.0,7.0,0.0,7,0.0,0.0,2013,Violent typhoon
Utor,Ifugao,0.0,1053.0,4.0,149.0,153,16300000.0,25624469.66,2013,Violent typhoon
Utor,Kalinga,0.0,31.0,0.0,6.0,6,5100000.0,85410.08,2013,Violent typhoon
Utor,Mountain Province,0.0,54.0,0.0,13.0,13,137850000.0,2423024.42,2013,Violent typhoon
Kong-Rey,Samar,1.0,2685.0,0.0,10.0,10,0.0,0.0,2013,Severe tropical storm
Kong-Rey,Ilocos Norte,0.0,4566.0,0.0,0.0,0,0.0,0.0,2013,Severe tropical storm
Kong-Rey,Benguet,0.0,10490.0,0.0,0.0,0,0.0,0.0,2013,Severe tropical storm
Odette,Aurora,2.0,0.0,0.0,0.0,0,0.0,0.0,2013,Violent typhoon
Odette,Batangas,1.0,0.0,0.0,0.0,0,0.0,0.0,2013,Violent typhoon
Odette,Ilocos Norte,1.0,24155.0,2.0,33.0,35,0.0,0.0,2013,Violent typhoon
Odette,Batanes,0.0,14651.0,174.0,1394.0,1568,0.0,0.0,2013,Violent typhoon
Odette,Cagayan,0.0,30575.0,365.0,1224.0,1589,0.0,0.0,2013,Violent typhoon
Odette,Tarlac,0.0,341.0,0.0,0.0,0,0.0,0.0,2013,Violent typhoon
Odette,Occidental Mindoro,0.0,8104.0,18.0,23.0,41,0.0,0.0,2013,Violent typhoon
Odette,Catanduanes,0.0,411.0,16.0,62.0,78,0.0,0.0,2013,Violent typhoon
Odette,Antique,0.0,139.0,3.0,5.0,8,0.0,0.0,2013,Violent typhoon
Odette,Guimaras,0.0,5.0,0.0,1.0,1,0.0,0.0,2013,Violent typhoon
Odette,Iloilo,0.0,23.0,1.0,4.0,5,0.0,0.0,2013,Violent typhoon
Odette,Negros Occidental,0.0,76.0,6.0,11.0,17,0.0,0.0,2013,Violent typhoon
Odette,Apayao,0.0,49.0,1.0,9.0,10,0.0,0.0,2013,Violent typhoon
Odette,Benguet,0.0,72.0,0.0,0.0,0,0.0,0.0,2013,Violent typhoon
Odette,Ifugao,0.0,147.0,0.0,29.0,29,0.0,0.0,2013,Violent typhoon
Odette,Kalinga,0.0,358.0,0.0,78.0,78,0.0,0.0,2013,Violent typhoon
Odette,Mountain Province,0.0,21.0,0.0,4.0,4,0.0,0.0,2013,Violent typhoon
Krosa,Ilocos Norte,1.0,7311.0,36.0,1050.0,1086,3974140.0,25389798.89,2013,Strong typhoon
Krosa,Cagayan,1.0,231634.0,3580.0,30078.0,33658,0.0,185329584.0,2013,Strong typhoon
Krosa,Apayao,1.0,26737.0,281.0,2498.0,2779,0.0,53125000.0,2013,Strong typhoon
Krosa,Abra,1.0,10.0,0.0,0.0,0,0.0,0.0,2013,Strong typhoon
Krosa,Isabela,0.0,77.0,0.0,0.0,0,0.0,0.0,2013,Strong typhoon
Haiyan,Batangas,1.0,5298.0,28.0,770.0,798,34324034.0,18702800.0,2013,Violent typhoon
Haiyan,Cavite,0.0,732.0,0.0,0.0,0,0.0,0.0,2013,Violent typhoon
Haiyan,Laguna,0.0,12058.0,2.0,36.0,38,0.0,392640.0,2013,Violent typhoon
Haiyan,Quezon,2.0,8824.0,4.0,0.0,4,0.0,11816309.0,2013,Violent typhoon
Haiyan,Rizal,0.0,164.0,0.0,0.0,0,0.0,0.0,2013,Violent typhoon
Haiyan,Marinduque,0.0,8499.0,5.0,158.0,163,0.0,49640.0,2013,Violent typhoon
Haiyan,Occidental Mindoro,0.0,45609.0,654.0,2982.0,3636,188682000.0,125008083.0,2013,Violent typhoon
Haiyan,Oriental Mindoro,0.0,113041.0,968.0,2616.0,3584,572359000.0,315141602.0,2013,Violent typhoon
Haiyan,Palawan,19.0,179708.0,9410.0,9351.0,18761,346806705.39,357078968.0,2013,Violent typhoon
Haiyan,Romblon,0.0,119263.0,574.0,7095.0,7669,192092000.0,31938543.0,2013,Violent typhoon
Haiyan,Albay,1.0,155972.0,64.0,86.0,150,18480000.0,37138779.36,2013,Violent typhoon
Haiyan,Camarines Norte,1.0,23083.0,0.0,0.0,0,10000000.0,4495726.0,2013,Violent typhoon
Haiyan,Camarines Sur,0.0,166327.0,248.0,1063.0,1311,47795000.0,181536919.56,2013,Violent typhoon
Haiyan,Catanduanes,0.0,68609.0,168.0,173.0,341,72898000.0,6431822.92,2013,Violent typhoon
Haiyan,Masbate,4.0,104344.0,1462.0,6726.0,8188,359709000.0,85855582.0,2013,Violent typhoon
Haiyan,Sorsogon,0.0,173685.0,146.0,2276.0,2422,14000000.0,32459735.0,2013,Violent typhoon
Haiyan,Aklan,14.0,535725.0,34738.0,49161.0,83899,217070656.0,1817659253.5,2013,Violent typhoon
Haiyan,Antique,13.0,405397.0,14711.0,32353.0,47064,143356679.49,1437516415.39,2013,Violent typhoon
Haiyan,Capiz,86.0,719685.0,92118.0,38570.0,130688,1747469887.25,3860711993.6,2013,Violent typhoon
Haiyan,Guimaras,0.0,11593.0,36.0,265.0,301,32400000.0,1937242046.25,2013,Violent typhoon
Haiyan,Iloilo,179.0,1337714.0,74383.0,83046.0,157429,1213812761.16,4181167503.8,2013,Violent typhoon
Haiyan,Negros Occidental,2.0,862914.0,13340.0,49728.0,63068,509295000.0,725358149.2,2013,Violent typhoon
Haiyan,Bohol,1.0,1046035.0,197.0,1772.0,1969,110000.0,5540340.0,2013,Violent typhoon
Haiyan,Cebu,73.0,3778881.0,62594.0,46601.0,109195,917383060.92,4759966535.79,2013,Violent typhoon
Haiyan,Negros Oriental,0.0,1063015.0,49.0,106.0,155,0.0,1000000.0,2013,Violent typhoon
Haiyan,Siquijor,0.0,22024.0,0.0,0.0,0,0.0,5590.0,2013,Violent typhoon
Haiyan,Biliran,8.0,187641.0,5444.0,15081.0,20525,72732773.64,258870724.0,2013,Violent typhoon
Haiyan,Eastern Samar,267.0,497497.0,30625.0,31116.0,61741,702625045.53,4685132032.4,2013,Violent typhoon
Haiyan,Leyte,5402.0,2364023.0,201464.0,180346.0,381810,1026660945.96,49884765123.16,2013,Violent typhoon
Haiyan,Northern Samar,0.0,683254.0,0.0,0.0,0,0.0,109292103.5,2013,Violent typhoon
Haiyan,Samar,225.0,821989.0,6084.0,12231.0,18315,690246729.81,4086062924.6,2013,Violent typhoon
Haiyan,Southern Leyte,0.0,461030.0,933.0,9532.0,10465,31486295.64,210999836.67,2013,Violent typhoon
Haiyan,Bukidnon,0.0,157.0,0.0,0.0,0,0.0,0.0,2013,Violent typhoon
Haiyan,Camiguin,0.0,2750.0,2.0,15.0,17,0.0,0.0,2013,Violent typhoon
Haiyan,Lanao del Norte,0.0,898.0,0.0,0.0,0,0.0,0.0,2013,Violent typhoon
Haiyan,Misamis Oriental,0.0,15787.0,0.0,3.0,3,0.0,0.0,2013,Violent typhoon
Haiyan,Davao de Oro,0.0,2380.0,0.0,0.0,0,0.0,0.0,2013,Violent typhoon
Haiyan,Davao del Sur,0.0,15.0,1.0,2.0,3,0.0,0.0,2013,Violent typhoon
Haiyan,Davao Oriental,0.0,2605.0,10.0,6.0,16,0.0,0.0,2013,Violent typhoon
Haiyan,Agusan del Norte,0.0,3439.0,0.0,0.0,0,0.0,105000000.0,2013,Violent typhoon
Haiyan,Agusan del Sur,0.0,210.0,2.0,40.0,42,0.0,3000000.0,2013,Violent typhoon
Haiyan,Dinagat Islands,0.0,24405.0,362.0,3405.0,3767,13237000.0,0.0,2013,Violent typhoon
Haiyan,Surigao del Norte,0.0,25645.0,58.0,2714.0,2772,2200000.0,0.0,2013,Violent typhoon
Haiyan,Surigao del Sur,1.0,16257.0,44.0,79.0,123,67000.0,80000000.0,2013,Violent typhoon
Haiyan,Zamboanga Sibugay,1.0,0.0,0.0,0.0,0,0.0,0.0,2013,Violent typhoon
Lingling,Zamboanga del Norte,1.0,0.0,0.0,0.0,0,0.0,0.0,2014,Tropical storm
Lingling,Misamis Occidental,3.0,694.0,5.0,0.0,5,0.0,0.0,2014,Tropical storm
Lingling,Misamis Oriental,8.0,36631.0,46.0,210.0,256,105000000.0,0.0,2014,Tropical storm
Lingling,Davao de Oro,11.0,115900.0,21.0,6.0,27,17210000.0,78185843.28,2014,Tropical storm
Lingling,Davao Oriental,10.0,236030.0,908.0,572.0,1480,0.0,24914528.8,2014,Tropical storm
Lingling,Davao del Norte,3.0,98361.0,0.0,0.0,0,8800000.0,112625883.0,2014,Tropical storm
Lingling,Dinagat Islands,6.0,12000.0,0.0,22.0,22,19384800.0,759491.0,2014,Tropical storm
Lingling,Agusan del Sur,14.0,176705.0,79.0,87.0,166,1268921155.47,30086394.5,2014,Tropical storm
Lingling,Agusan del Norte,9.0,160152.0,63.0,112.0,175,498416220.0,13293188.88,2014,Tropical storm
Lingling,Surigao del Norte,3.0,51842.0,149.0,32.0,181,104104839.0,6036050.0,2014,Tropical storm
Lingling,Surigao del Sur,2.0,108595.0,137.0,520.0,657,548078152.0,21394129.0,2014,Tropical storm
Lingling,Bukidnon,0.0,3934.0,3.0,0.0,3,0.0,52000.0,2014,Tropical storm
Lingling,Camiguin,0.0,34500.0,0.0,1.0,1,2300000.0,192500.0,2014,Tropical storm
Lingling,Lanao del Norte,0.0,30231.0,281.0,677.0,958,102700000.0,32279788.65,2014,Tropical storm
Lingling,Davao del Sur,0.0,163.0,0.0,0.0,0,0.0,0.0,2014,Tropical storm
Lingling,Cotabato,0.0,13225.0,0.0,0.0,0,0.0,0.0,2014,Tropical storm
Lingling,Maguindanao,0.0,13435.0,0.0,0.0,0,0.0,0.0,2014,Tropical storm
Lingling,Camarines Sur,0.0,0.0,12.0,87.0,99,0.0,0.0,2014,Tropical storm
Lingling,Sorsogon,0.0,0.0,0.0,1.0,1,0.0,0.0,2014,Tropical storm
Kajiki,Cebu,5.0,7096.0,27.0,334.0,361,0.0,0.0,2014,Tropical storm
Kajiki,Southern Leyte,1.0,5399.0,0.0,0.0,0,0.0,0.0,2014,Tropical storm
Kajiki,Negros Occidental,0.0,3812.0,2.0,55.0,57,0.0,0.0,2014,Tropical storm
Kajiki,Agusan del Norte,0.0,31.0,2.0,5.0,7,0.0,0.0,2014,Tropical storm
Kajiki,Dinagat Islands,0.0,11991.0,2.0,0.0,2,0.0,0.0,2014,Tropical storm
Kajiki,Antique,0.0,255.0,0.0,0.0,0,0.0,0.0,2014,Tropical storm
Kajiki,Biliran,0.0,390.0,0.0,0.0,0,0.0,0.0,2014,Tropical storm
Kajiki,Leyte,0.0,9580.0,0.0,0.0,0,0.0,0.0,2014,Tropical storm
Kajiki,Surigao del Norte,0.0,9186.0,0.0,0.0,0,0.0,0.0,2014,Tropical storm
Caloy,Southern Leyte,0.0,713.0,0.0,0.0,0,0.0,0.0,2014,Tropical depression
Caloy,Davao del Norte,0.0,16765.0,0.0,0.0,0,0.0,0.0,2014,Tropical depression
Caloy,Davao de Oro,0.0,170.0,0.0,0.0,0,0.0,0.0,2014,Tropical depression
Caloy,Agusan del Sur,0.0,1625.0,0.0,0.0,0,0.0,0.0,2014,Tropical depression
Caloy,Dinagat Islands,0.0,56.0,0.0,0.0,0,0.0,0.0,2014,Tropical depression
Rammasun,Metro Manila,2.0,26508.0,47.0,95.0,142,55367600.0,100605650.0,2014,Very strong typhoon
Rammasun,Ilocos Norte,0.0,14.0,3.0,2.0,5,0.0,0.0,2014,Very strong typhoon
Rammasun,Pangasinan,0.0,293.0,0.0,0.0,0,0.0,1142550.0,2014,Very strong typhoon
Rammasun,Aurora,0.0,189.0,0.0,0.0,0,0.0,42000.0,2014,Very strong typhoon
Rammasun,Bataan,3.0,182641.0,513.0,3236.0,3749,62155000.0,485143645.0,2014,Very strong typhoon
Rammasun,Bulacan,1.0,18562.0,41.0,180.0,221,917116.0,51192776.0,2014,Very strong typhoon
Rammasun,Pampanga,3.0,4499.0,7.0,50.0,57,91000.0,1587654040.0,2014,Very strong typhoon
Rammasun,Tarlac,0.0,624.0,1.0,0.0,1,87080000.0,975000.0,2014,Very strong typhoon
Rammasun,Zambales,1.0,14886.0,180.0,905.0,1085,784770.0,2781800.0,2014,Very strong typhoon
Rammasun,Batangas,13.0,251942.0,5227.0,67449.0,72676,90000.0,1752259425.0,2014,Very strong typhoon
Rammasun,Cavite,8.0,271939.0,6150.0,36121.0,42271,100000.0,325703614.0,2014,Very strong typhoon
Rammasun,Laguna,21.0,322405.0,13592.0,49468.0,63060,148193400.0,4341974618.0,2014,Very strong typhoon
Rammasun,Quezon,29.0,646830.0,34702.0,109957.0,144659,962469719.35,14190938227.0,2014,Very strong typhoon
Rammasun,Rizal,3.0,106517.0,609.0,3526.0,4135,263038890.0,843581534.0,2014,Very strong typhoon
Rammasun,Marinduque,5.0,4733.0,39.0,1031.0,1070,124824180.0,81847300.0,2014,Very strong typhoon
Rammasun,Occidental Mindoro,1.0,26855.0,56.0,5483.0,5539,15823600.0,113093623.0,2014,Very strong typhoon
Rammasun,Oriental Mindoro,1.0,1975.0,30.0,387.0,417,0.0,48423091.0,2014,Very strong typhoon
Rammasun,Romblon,0.0,453.0,16.0,208.0,224,7722000.0,76673000.0,2014,Very strong typhoon
Rammasun,Albay,0.0,505327.0,4775.0,19920.0,24695,771785757.6,1406984728.0,2014,Very strong typhoon
Rammasun,Camarines Norte,0.0,116504.0,1617.0,11169.0,12786,106600000.0,102435128.0,2014,Very strong typhoon
Rammasun,Camarines Sur,4.0,920408.0,29688.0,123837.0,153525,392201356.0,3267967537.0,2014,Very strong typhoon
Rammasun,Catanduanes,0.0,20251.0,98.0,863.0,961,11209250.0,69891373.0,2014,Very strong typhoon
Rammasun,Masbate,0.0,59897.0,283.0,1279.0,1562,25000000.0,152115649.0,2014,Very strong typhoon
Rammasun,Sorsogon,3.0,602778.0,4997.0,24216.0,29213,193482640.0,4169973763.0,2014,Very strong typhoon
Rammasun,Eastern Samar,0.0,36240.0,240.0,3137.0,3377,4000000.0,327473529.0,2014,Very strong typhoon
Rammasun,Leyte,0.0,4472.0,0.0,0.0,0,0.0,30713854.0,2014,Very strong typhoon
Rammasun,Northern Samar,4.0,350293.0,6608.0,39764.0,46372,7450000.0,152821837.0,2014,Very strong typhoon
Rammasun,Samar,2.0,155681.0,2548.0,19330.0,21878,36700000.0,396602027.0,2014,Very strong typhoon
Rammasun,Iloilo,1.0,0.0,0.0,0.0,0,0.0,0.0,2014,Very strong typhoon
Rammasun,Biliran,1.0,0.0,0.0,0.0,0,0.0,6981708.0,2014,Very strong typhoon
Matmo,Occidental Mindoro,0.0,46.0,0.0,0.0,0,0.0,0.0,2014,Strong typhoon
Matmo,Negros Occidental,0.0,785.0,36.0,150.0,186,0.0,0.0,2014,Strong typhoon
Matmo,Misamis Oriental,0.0,0.0,11.0,116.0,127,0.0,0.0,2014,Strong typhoon
Luis,Nueva Vizcaya,1.0,181.0,6.0,10.0,16,0.0,0.0,2014,Strong typhoon
Luis,Cagayan,1.0,34343.0,108.0,1485.0,1593,0.0,606529.0,2014,Strong typhoon
Luis,Pangasinan,3.0,294971.0,59.0,120.0,179,0.0,128364100.52,2014,Strong typhoon
Luis,Metro Manila,0.0,9799.0,0.0,0.0,0,0.0,0.0,2014,Strong typhoon
Luis,Ilocos Norte,0.0,147.0,0.0,22.0,22,0.0,11551053.28,2014,Strong typhoon
Luis,La Union,0.0,11826.0,2.0,39.0,41,24400000.0,21402718.67,2014,Strong typhoon
Luis,Isabela,0.0,5112.0,0.0,5.0,5,10500000.0,58819341.79,2014,Strong typhoon
Luis,Aurora,0.0,120.0,0.0,0.0,0,0.0,14396615.0,2014,Strong typhoon
Luis,Bataan,0.0,37.0,0.0,0.0,0,0.0,0.0,2014,Strong typhoon
Luis,Bulacan,0.0,31382.0,0.0,0.0,0,0.0,44948317.8,2014,Strong typhoon
Luis,Nueva Ecija,0.0,31051.0,0.0,0.0,0,650000.0,260153580.31,2014,Strong typhoon
Luis,Pampanga,0.0,27347.0,8.0,0.0,8,0.0,95936078.0,2014,Strong typhoon
Luis,Tarlac,0.0,38925.0,0.0,0.0,0,0.0,110170450.5,2014,Strong typhoon
Luis,Zambales,0.0,1841.0,2.0,20.0,22,0.0,16112783.64,2014,Strong typhoon
Luis,Rizal,0.0,6709.0,0.0,0.0,0,0.0,0.0,2014,Strong typhoon
Luis,Negros Occidental,0.0,448.0,0.0,0.0,0,0.0,0.0,2014,Strong typhoon
Luis,Apayao,0.0,1955.0,5.0,329.0,334,120000.0,200630930.0,2014,Strong typhoon
Luis,Benguet,0.0,285.0,1.0,16.0,17,5810000.0,9466180.26,2014,Strong typhoon
Luis,Kalinga,0.0,11406.0,3.0,99.0,102,4000000.0,85090807.0,2014,Strong typhoon
Luis,Mountain Province,0.0,482.0,0.0,0.0,0,17250000.0,25414396.0,2014,Strong typhoon
Fung-Wong,Metro Manila,7.0,94957.0,0.0,0.0,0,252680.0,0.0,2014,Tropical storm
Fung-Wong,Ilocos Norte,0.0,48471.0,179.0,1167.0,1346,239405000.0,502001803.1,2014,Tropical storm
Fung-Wong,Ilocos Sur,1.0,218004.0,1878.0,4594.0,6472,62400000.0,84319758.27,2014,Tropical storm
Fung-Wong,La Union,3.0,72229.0,82.0,1875.0,1957,102400000.0,84827753.9,2014,Tropical storm
Fung-Wong,Pangasinan,0.0,230270.0,12.0,139.0,151,49000000.0,707823689.2,2014,Tropical storm
Fung-Wong,Cagayan,0.0,117.0,0.0,0.0,0,0.0,365688470.0,2014,Tropical storm
Fung-Wong,Isabela,0.0,435.0,0.0,0.0,0,0.0,89514370.0,2014,Tropical storm
Fung-Wong,Nueva Vizcaya,0.0,1440.0,14.0,251.0,265,0.0,0.0,2014,Tropical storm
Fung-Wong,Bataan,0.0,197.0,0.0,0.0,0,0.0,0.0,2014,Tropical storm
Fung-Wong,Bulacan,0.0,231922.0,7.0,24.0,31,16000000.0,104669139.29,2014,Tropical storm
Fung-Wong,Nueva Ecija,0.0,27707.0,0.0,0.0,0,40300000.0,288053123.23,2014,Tropical storm
Fung-Wong,Pampanga,0.0,54315.0,1.0,5.0,6,0.0,135620555.0,2014,Tropical storm
Fung-Wong,Tarlac,0.0,41673.0,0.0,0.0,0,0.0,279725916.5,2014,Tropical storm
Fung-Wong,Zambales,0.0,1999.0,7.0,5.0,12,0.0,34362551.4,2014,Tropical storm
Fung-Wong,Batangas,0.0,440.0,1.0,0.0,1,0.0,0.0,2014,Tropical storm
Fung-Wong,Cavite,1.0,2563.0,0.0,0.0,0,0.0,0.0,2014,Tropical storm
Fung-Wong,Laguna,1.0,30331.0,0.0,0.0,0,0.0,0.0,2014,Tropical storm
Fung-Wong,Rizal,2.0,81667.0,5.0,2.0,7,0.0,0.0,2014,Tropical storm
Fung-Wong,Occidental Mindoro,1.0,7899.0,3.0,1.0,4,0.0,0.0,2014,Tropical storm
Fung-Wong,Camarines Norte,0.0,2050.0,0.0,0.0,0,0.0,0.0,2014,Tropical storm
Fung-Wong,Camarines Sur,2.0,428122.0,1.0,0.0,1,0.0,0.0,2014,Tropical storm
Fung-Wong,Cebu,0.0,416885.0,0.0,0.0,0,0.0,0.0,2014,Tropical storm
Fung-Wong,Abra,0.0,57877.0,42.0,1012.0,1054,104210041.02,88863040.0,2014,Tropical storm
Fung-Wong,Apayao,0.0,165.0,0.0,41.0,41,0.0,85795309.0,2014,Tropical storm
Fung-Wong,Benguet,0.0,681.0,2.0,23.0,25,7250000.0,32591140.0,2014,Tropical storm
Fung-Wong,Ifugao,0.0,599.0,9.0,138.0,147,2500000.0,9551376.0,2014,Tropical storm
Fung-Wong,Kalinga,0.0,153.0,4.0,46.0,50,15000000.0,15974200.0,2014,Tropical storm
Fung-Wong,Mountain Province,0.0,85.0,9.0,12.0,21,7000000.0,101858689.0,2014,Tropical storm
Sinlaku,Cebu,2.0,1038.0,2.0,89.0,91,0.0,0.0,2014,Tropical storm
Sinlaku,Bohol,1.0,5064.0,133.0,780.0,913,0.0,0.0,2014,Tropical storm
Sinlaku,Palawan,0.0,34640.0,91.0,1995.0,2086,0.0,0.0,2014,Tropical storm
Sinlaku,Negros Occidental,0.0,1725.0,100.0,300.0,400,0.0,0.0,2014,Tropical storm
Sinlaku,Negros Oriental,0.0,1086.0,17.0,87.0,104,0.0,0.0,2014,Tropical storm
Sinlaku,Southern Leyte,0.0,36.0,0.0,0.0,0,0.0,0.0,2014,Tropical storm
Sinlaku,Misamis Oriental,0.0,869.0,0.0,0.0,0,0.0,0.0,2014,Tropical storm
Sinlaku,Davao del Sur,0.0,3.0,0.0,0.0,0,0.0,0.0,2014,Tropical storm
Sinlaku,Dinagat Islands,0.0,869.0,0.0,0.0,0,0.0,0.0,2014,Tropical storm
Sinlaku,Surigao del Norte,0.0,1300.0,0.0,146.0,146,0.0,0.0,2014,Tropical storm
Sinlaku,Surigao del Sur,0.0,219.0,0.0,2.0,2,0.0,0.0,2014,Tropical storm
Hagupit,Metro Manila,0.0,25040.0,0.0,0.0,0,0.0,0.0,2014,Violent typhoon
Hagupit,Bataan,0.0,1899.0,0.0,0.0,0,0.0,0.0,2014,Violent typhoon
Hagupit,Batangas,1.0,10849.0,0.0,0.0,0,0.0,17611663.0,2014,Violent typhoon
Hagupit,Cavite,0.0,21679.0,0.0,0.0,0,0.0,560642.0,2014,Violent typhoon
Hagupit,Laguna,0.0,8910.0,1.0,0.0,1,0.0,2513710.0,2014,Violent typhoon
Hagupit,Quezon,1.0,89890.0,4.0,17.0,21,9626273.0,11500250.0,2014,Violent typhoon
Hagupit,Rizal,0.0,688.0,0.0,0.0,0,0.0,81888181.0,2014,Violent typhoon
Hagupit,Marinduque,0.0,12950.0,0.0,0.0,0,86500000.0,7317617.0,2014,Violent typhoon
Hagupit,Occidental Mindoro,0.0,40044.0,0.0,0.0,0,0.0,0.0,2014,Violent typhoon
Hagupit,Oriental Mindoro,1.0,74590.0,0.0,0.0,0,55530000.0,245895.0,2014,Violent typhoon
Hagupit,Palawan,0.0,46717.0,0.0,0.0,0,0.0,0.0,2014,Violent typhoon
Hagupit,Romblon,0.0,73595.0,20.0,245.0,265,86000000.0,10277900.0,2014,Violent typhoon
Hagupit,Albay,0.0,401878.0,0.0,18.0,18,514900000.0,149126132.0,2014,Violent typhoon
Hagupit,Camarines Norte,0.0,36861.0,2.0,0.0,2,0.0,31811472.0,2014,Violent typhoon
Hagupit,Camarines Sur,0.0,219253.0,160.0,3115.0,3275,53000000.0,925424922.0,2014,Violent typhoon
Hagupit,Catanduanes,0.0,59752.0,3.0,26.0,29,3048250.0,15897368.0,2014,Violent typhoon
Hagupit,Masbate,0.0,267980.0,1022.0,16616.0,17638,32700000.0,277118087.0,2014,Violent typhoon
Hagupit,Sorsogon,0.0,198576.0,300.0,7046.0,7346,0.0,13680666.0,2014,Violent typhoon
Hagupit,Aklan,0.0,75241.0,0.0,6.0,6,0.0,619000.0,2014,Violent typhoon
Hagupit,Antique,0.0,74347.0,0.0,0.0,0,0.0,15964028.0,2014,Violent typhoon
Hagupit,Capiz,0.0,89305.0,4.0,1026.0,1030,0.0,185858627.0,2014,Violent typhoon
Hagupit,Guimaras,0.0,4638.0,0.0,0.0,0,0.0,0.0,2014,Violent typhoon
Hagupit,Iloilo,0.0,132525.0,210.0,1111.0,1321,0.0,90706990.0,2014,Violent typhoon
Hagupit,Negros Occidental,0.0,84888.0,0.0,0.0,0,0.0,16370623.0,2014,Violent typhoon
Hagupit,Bohol,0.0,26330.0,0.0,0.0,0,0.0,0.0,2014,Violent typhoon
Hagupit,Cebu,1.0,125315.0,360.0,2711.0,3071,0.0,27597000.0,2014,Violent typhoon
Hagupit,Negros Oriental,0.0,22635.0,0.0,0.0,0,0.0,0.0,2014,Violent typhoon
Hagupit,Siquijor,0.0,223.0,0.0,0.0,0,0.0,33000.0,2014,Violent typhoon
Hagupit,Biliran,2.0,46831.0,132.0,1924.0,2056,32900000.0,148372016.0,2014,Violent typhoon
Hagupit,Eastern Samar,8.0,605040.0,19549.0,60041.0,79590,581300000.0,269665707.0,2014,Violent typhoon
Hagupit,Leyte,2.0,420909.0,1272.0,23071.0,24343,938550.0,1009704604.0,2014,Violent typhoon
Hagupit,Northern Samar,0.0,473759.0,6877.0,56490.0,63367,192980000.0,239744639.0,2014,Violent typhoon
Hagupit,Samar,8.0,371806.0,12666.0,75731.0,88397,151735000.0,258715246.0,2014,Violent typhoon
Hagupit,Southern Leyte,0.0,103192.0,5.0,46.0,51,14000000.0,943000.0,2014,Violent typhoon
Hagupit,Agusan del Norte,0.0,9131.0,0.0,0.0,0,0.0,0.0,2014,Violent typhoon
Hagupit,Agusan del Sur,0.0,1610.0,0.0,0.0,0,0.0,0.0,2014,Violent typhoon
Hagupit,Dinagat Islands,0.0,24069.0,0.0,0.0,0,0.0,0.0,2014,Violent typhoon
Hagupit,Surigao del Norte,0.0,59595.0,47.0,193.0,240,0.0,0.0,2014,Violent typhoon
Hagupit,Surigao del Sur,0.0,21137.0,0.0,0.0,0,0.0,0.0,2014,Violent typhoon
Jangmi,Antique,1.0,98.0,2.0,4.0,6,0.0,0.0,2014,Tropical storm
Jangmi,Negros Occidental,2.0,48719.0,13.0,87.0,100,0.0,489040.0,2014,Tropical storm
Jangmi,Bohol,5.0,21694.0,114.0,322.0,436,39934000.0,12570807.0,2014,Tropical storm
Jangmi,Cebu,16.0,44247.0,168.0,229.0,397,72600000.0,137465.0,2014,Tropical storm
Jangmi,Eastern Samar,0.0,0.0,17.0,26.0,43,28000000.0,96439295.0,2014,Tropical storm
Jangmi,Samar,20.0,30207.0,26.0,172.0,198,113000000.0,138328569.0,2014,Tropical storm
Jangmi,Leyte,12.0,231734.0,21.0,1188.0,1209,21386500.0,109169872.0,2014,Tropical storm
Jangmi,Zamboanga del Sur,0.0,410.0,60.0,21.0,81,0.0,0.0,2014,Tropical storm
Jangmi,Bukidnon,3.0,7347.0,16.0,135.0,151,11152500.0,15807999.75,2014,Tropical storm
Jangmi,Camiguin,0.0,344.0,0.0,15.0,15,0.0,0.0,2014,Tropical storm
Jangmi,Misamis Oriental,1.0,61187.0,137.0,129.0,266,70833900.0,63501317.0,2014,Tropical storm
Jangmi,Davao de Oro,2.0,10180.0,1.0,12.0,13,0.0,1220150.0,2014,Tropical storm
Jangmi,Agusan del Norte,2.0,48095.0,3.0,0.0,3,8750000.0,8643055.0,2014,Tropical storm
Jangmi,Dinagat Islands,0.0,3149.0,1.0,21.0,22,2000000.0,0.0,2014,Tropical storm
Jangmi,Agusan del Sur,2.0,20961.0,6.0,12.0,18,148120000.0,8066394.0,2014,Tropical storm
Jangmi,Surigao del Sur,0.0,64390.0,69.0,386.0,455,31905967.29,0.0,2014,Tropical storm
Jangmi,Palawan,0.0,2138.0,0.0,0.0,0,0.0,0.0,2014,Tropical storm
Jangmi,Capiz,0.0,1650.0,0.0,0.0,0,0.0,70124039.0,2014,Tropical storm
Jangmi,Siquijor,0.0,54.0,0.0,0.0,0,0.0,0.0,2014,Tropical storm
Jangmi,Southern Leyte,0.0,128.0,0.0,0.0,0,0.0,4779662.0,2014,Tropical storm
Jangmi,Lanao del Norte,0.0,451.0,0.0,0.0,0,0.0,0.0,2014,Tropical storm
Jangmi,Davao del Norte,0.0,1064.0,0.0,0.0,0,0.0,0.0,2014,Tropical storm
Jangmi,Davao Oriental,0.0,80.0,0.0,0.0,0,0.0,0.0,2014,Tropical storm
Jangmi,Surigao del Norte,0.0,4300.0,0.0,0.0,0,0.0,0.0,2014,Tropical storm
Mekkhala,Catanduanes,1.0,309.0,2.0,5.0,7,0.0,0.0,2015,Severe tropical storm
Mekkhala,Camarines Norte,0.0,3250.0,1.0,139.0,140,0.0,0.0,2015,Severe tropical storm
Mekkhala,Albay,0.0,38898.0,15.0,0.0,15,0.0,0.0,2015,Severe tropical storm
Mekkhala,Samar,0.0,4039.0,1.0,4.0,5,0.0,0.0,2015,Severe tropical storm
Mekkhala,Biliran,0.0,0.0,0.0,1.0,1,0.0,0.0,2015,Severe tropical storm
Mekkhala,Northern Samar,0.0,42979.0,29.0,341.0,370,0.0,0.0,2015,Severe tropical storm
Mekkhala,Camarines Sur,0.0,12986.0,0.0,0.0,0,0.0,0.0,2015,Severe tropical storm
Mekkhala,Sorsogon,0.0,1216.0,0.0,0.0,0,0.0,0.0,2015,Severe tropical storm
Mekkhala,Cebu,0.0,176.0,0.0,0.0,0,0.0,0.0,2015,Severe tropical storm
Mekkhala,Eastern Samar,1.0,2955.0,0.0,0.0,0,0.0,0.0,2015,Severe tropical storm
Maysak,Isabela,0.0,27.0,0.0,0.0,0,0.0,0.0,2015,Violent typhoon
Maysak,Aurora,0.0,17.0,0.0,0.0,0,0.0,0.0,2015,Violent typhoon
Noul,Cagayan,2.0,2921.0,0.0,0.0,0,0.0,0.0,2015,Violent typhoon
Noul,Isabela,0.0,1602.0,0.0,0.0,0,0.0,0.0,2015,Violent typhoon
Noul,Ilocos Norte,0.0,0.0,0.0,0.0,0,0.0,0.0,2015,Violent typhoon
Linfa,Ilocos Norte,0.0,1995.0,1.0,34.0,35,0.0,0.0,2015,Severe tropical storm
Linfa,Ilocos Sur,0.0,542.0,2.0,21.0,23,0.0,0.0,2015,Severe tropical storm
Linfa,La Union,0.0,51772.0,2.0,136.0,138,0.0,0.0,2015,Severe tropical storm
Linfa,Palawan,0.0,634.0,0.0,1.0,1,0.0,0.0,2015,Severe tropical storm
Linfa,Benguet,0.0,42.0,0.0,1.0,1,0.0,0.0,2015,Severe tropical storm
Linfa,Abra,0.0,0.0,1.0,4.0,5,0.0,0.0,2015,Severe tropical storm
Linfa,Kalinga,0.0,315.0,1.0,1.0,2,0.0,0.0,2015,Severe tropical storm
Linfa,Apayao,0.0,267.0,0.0,0.0,0,0.0,0.0,2015,Severe tropical storm
Linfa,Metro Manila,0.0,0.0,0.0,0.0,0,0.0,0.0,2015,Severe tropical storm
Ineng,Ilocos Sur,1.0,70876.0,20.0,95.0,115,0.0,0.0,2015,Very strong typhoon
Ineng,Cagayan,1.0,94226.0,61.0,4504.0,4565,0.0,0.0,2015,Very strong typhoon
Ineng,Zambales,2.0,0.0,0.0,6.0,6,0.0,0.0,2015,Very strong typhoon
Ineng,Mountain Province,4.0,1163.0,5.0,33.0,38,0.0,0.0,2015,Very strong typhoon
Ineng,Benguet,21.0,26310.0,14.0,156.0,170,0.0,0.0,2015,Very strong typhoon
Ineng,Oriental Mindoro,0.0,15.0,0.0,0.0,0,0.0,0.0,2015,Very strong typhoon
Ineng,Ilocos Norte,1.0,81664.0,20.0,239.0,259,0.0,0.0,2015,Very strong typhoon
Ineng,Pangasinan,0.0,0.0,0.0,0.0,0,0.0,0.0,2015,Very strong typhoon
Ineng,Bataan,0.0,0.0,0.0,0.0,0,0.0,0.0,2015,Very strong typhoon
Ineng,Bulacan,0.0,76.0,0.0,0.0,0,0.0,0.0,2015,Very strong typhoon
Ineng,Pampanga,0.0,0.0,0.0,0.0,0,0.0,0.0,2015,Very strong typhoon
Ineng,Palawan,0.0,0.0,0.0,0.0,0,0.0,0.0,2015,Very strong typhoon
Ineng,Guimaras,0.0,0.0,0.0,0.0,0,0.0,0.0,2015,Very strong typhoon
Ineng,Metro Manila,0.0,0.0,0.0,0.0,0,0.0,0.0,2015,Very strong typhoon
Ineng,La Union,1.0,2976.0,0.0,11.0,11,0.0,0.0,2015,Very strong typhoon
Ineng,Kalinga,1.0,16676.0,18.0,146.0,164,0.0,0.0,2015,Very strong typhoon
Ineng,Abra,1.0,90951.0,1.0,4.0,5,0.0,0.0,2015,Very strong typhoon
Ineng,Batanes,0.0,1387.0,44.0,159.0,203,0.0,0.0,2015,Very strong typhoon
Ineng,Nueva Vizcaya,0.0,95.0,0.0,20.0,20,0.0,0.0,2015,Very strong typhoon
Ineng,Nueva Ecija,0.0,37.0,4.0,6.0,10,0.0,0.0,2015,Very strong typhoon
Ineng,Laguna,0.0,461.0,0.0,58.0,58,0.0,0.0,2015,Very strong typhoon
Ineng,Apayao,0.0,10241.0,1.0,117.0,118,0.0,0.0,2015,Very strong typhoon
Mujigae,La Union,0.0,15.0,0.0,0.0,0,0.0,0.0,2015,Very strong typhoon
Mujigae,Aurora,0.0,5413.0,87.0,435.0,522,0.0,0.0,2015,Very strong typhoon
Mujigae,Bulacan,0.0,2380.0,0.0,18.0,18,0.0,0.0,2015,Very strong typhoon
Mujigae,Nueva Ecija,0.0,51746.0,10.0,153.0,163,0.0,0.0,2015,Very strong typhoon
Mujigae,Zambales,0.0,14.0,0.0,0.0,0,0.0,0.0,2015,Very strong typhoon
Mujigae,Pangasinan,1.0,0.0,0.0,0.0,0,0.0,0.0,2015,Very strong typhoon
Mujigae,Marinduque,0.0,0.0,0.0,0.0,0,0.0,0.0,2015,Very strong typhoon
Koppu,Pangasinan,9.0,992365.0,11250.0,53137.0,64387,546342785.0,642090937.0,2015,Very strong typhoon
Koppu,La Union,1.0,99874.0,423.0,8527.0,8950,311525000.0,147339189.5,2015,Very strong typhoon
Koppu,Nueva Vizcaya,1.0,21049.0,126.0,1427.0,1553,91238500.0,292046300.0,2015,Very strong typhoon
Koppu,Isabela,4.0,151798.0,620.0,899.0,1519,43919115.0,746203937.5,2015,Very strong typhoon
Koppu,Cagayan,1.0,151879.0,4.0,24.0,28,129330000.0,826366262.5,2015,Very strong typhoon
Koppu,Zambales,4.0,144971.0,46.0,874.0,920,240000000.0,270445986.6,2015,Very strong typhoon
Koppu,Tarlac,1.0,211252.0,482.0,6304.0,6786,916960000.0,1005482650.0,2015,Very strong typhoon
Koppu,Nueva Ecija,8.0,547564.0,987.0,11548.0,12535,89500000.0,3629349455.0,2015,Very strong typhoon
Koppu,Aurora,2.0,109669.0,2695.0,20296.0,22991,81107000.0,603673473.6,2015,Very strong typhoon
Koppu,Bulacan,1.0,299297.0,3.0,112.0,115,2015000.0,888913585.8,2015,Very strong typhoon
Koppu,Laguna,1.0,47.0,0.0,0.0,0,0.0,40771995.0,2015,Very strong typhoon
Koppu,Cavite,1.0,222.0,0.0,0.0,0,0.0,6394336.0,2015,Very strong typhoon
Koppu,Benguet,18.0,0.0,0.0,0.0,0,87866531.74,183827512.1,2015,Very strong typhoon
Koppu,Ifugao,3.0,0.0,43.0,499.0,542,10891545.0,30948199.9,2015,Very strong typhoon
Koppu,Abra,1.0,7666.0,1.0,13.0,14,56910241.17,60851639.8,2015,Very strong typhoon
Koppu,Metro Manila,2.0,6696.0,0.0,0.0,0,0.0,0.0,2015,Very strong typhoon
Koppu,Ilocos Norte,0.0,5182.0,23.0,62.0,85,32950000.0,39146282.13,2015,Very strong typhoon
Koppu,Ilocos Sur,0.0,28905.0,46.0,450.0,496,75000000.0,73694840.0,2015,Very strong typhoon
Koppu,Batanes,0.0,3034.0,0.0,374.0,374,0.0,0.0,2015,Very strong typhoon
Koppu,Quirino,0.0,12686.0,567.0,9380.0,9947,202760039.5,378035000.0,2015,Very strong typhoon
Koppu,Bataan,0.0,15949.0,20.0,11.0,31,0.0,272780153.0,2015,Very strong typhoon
Koppu,Pampanga,0.0,203629.0,48.0,463.0,511,0.0,378146856.8,2015,Very strong typhoon
Koppu,Quezon,0.0,38117.0,1255.0,2900.0,4155,1000000.0,80356482.5,2015,Very strong typhoon
Koppu,Rizal,0.0,3474.0,0.0,0.0,0,0.0,67671632.0,2015,Very strong typhoon
Koppu,Camarines Norte,0.0,218.0,0.0,0.0,0,0.0,0.0,2015,Very strong typhoon
Koppu,Catanduanes,0.0,9.0,0.0,0.0,0,1091500.0,2500000.0,2015,Very strong typhoon
Koppu,Apayao,0.0,1046.0,10.0,152.0,162,210581590.1,104989459.3,2015,Very strong typhoon
Koppu,Benguet,0.0,8018.0,127.0,862.0,989,87866531.74,183827512.1,2015,Very strong typhoon
Koppu,Ifugao,0.0,2602.0,0.0,0.0,0,10891545.0,30948199.9,2015,Very strong typhoon
Koppu,Kalinga,0.0,8116.0,17.0,481.0,498,270943505.0,71416885.55,2015,Very strong typhoon
Koppu,Mountain Province,0.0,751.0,2.0,90.0,92,78694343.64,44678902.84,2015,Very strong typhoon
Melor,Nueva Vizcaya,6.0,0.0,0.0,0.0,0,0.0,2176320.0,2015,Very strong typhoon
Melor,Quezon,3.0,20330.0,0.0,836.0,836,203085000.0,2812277.0,2015,Very strong typhoon
Melor,Romblon,3.0,6031.0,1667.0,4934.0,6601,11000000.0,2017800.0,2015,Very strong typhoon
Melor,Oriental Mindoro,13.0,434166.0,32687.0,49744.0,82431,672630500.0,503379703.3,2015,Very strong typhoon
Melor,Occidental Mindoro,1.0,8010.0,113.0,896.0,1009,3388888.88,3871200.0,2015,Very strong typhoon
Melor,Albay,6.0,169973.0,102.0,555.0,657,58824885.27,17565210.0,2015,Very strong typhoon
Melor,Masbate,3.0,116870.0,3179.0,5776.0,8955,570000.0,95385966.34,2015,Very strong typhoon
Melor,Sorsogon,7.0,159406.0,29921.0,57737.0,87658,17880000.0,284463505.5,2015,Very strong typhoon
Melor,Samar,1.0,12183.0,11.0,285.0,296,0.0,11928396.0,2015,Very strong typhoon
Melor,Northern Samar,7.0,45228.0,42200.0,81021.0,123221,185465804.0,251113413.0,2015,Very strong typhoon
Melor,Metro Manila,1.0,0.0,0.0,0.0,0,0.0,0.0,2015,Very strong typhoon
Melor,Pangasinan,0.0,0.0,0.0,0.0,0,0.0,257717379.1,2015,Very strong typhoon
Melor,Cagayan,0.0,0.0,0.0,0.0,0,0.0,88180370.0,2015,Very strong typhoon
Melor,Isabela,0.0,0.0,0.0,0.0,0,0.0,1276821265.0,2015,Very strong typhoon
Melor,Quirino,0.0,0.0,0.0,0.0,0,0.0,5270400.0,2015,Very strong typhoon
Melor,Aurora,0.0,13226.0,9.0,8.0,17,136036000.0,189921670.0,2015,Very strong typhoon
Melor,Bulacan,0.0,90591.0,0.0,0.0,0,0.0,57914340.08,2015,Very strong typhoon
Melor,Nueva Ecija,0.0,78321.0,3.0,0.0,3,108241657.9,669813525.6,2015,Very strong typhoon
Melor,Pampanga,0.0,111263.0,0.0,3.0,3,56066000.0,535647165.2,2015,Very strong typhoon
Melor,Tarlac,0.0,4069.0,0.0,0.0,0,0.0,613580967.1,2015,Very strong typhoon
Melor,Batangas,0.0,2075.0,7.0,117.0,124,68800000.0,0.0,2015,Very strong typhoon
Melor,Cavite,0.0,398.0,8.0,0.0,8,0.0,58905.0,2015,Very strong typhoon
Melor,Marinduque,0.0,6085.0,570.0,4555.0,5125,80200000.0,122340848.0,2015,Very strong typhoon
Melor,Camarines Norte,0.0,1936.0,1.0,1.0,2,0.0,20525000.0,2015,Very strong typhoon
Melor,Camarines Sur,0.0,57920.0,0.0,75.0,75,1500000.0,311490650.7,2015,Very strong typhoon
Melor,Catanduanes,0.0,6508.0,17.0,8.0,25,9035948.16,11230720.0,2015,Very strong typhoon
Melor,Eastern Samar,0.0,7682.0,44.0,1594.0,1638,0.0,16069224.0,2015,Very strong typhoon
Melor,Bataan,0.0,19.0,0.0,0.0,0,0.0,1546050.0,2015,Very strong typhoon
Melor,Laguna,0.0,192.0,0.0,0.0,0,1589900.0,0.0,2015,Very strong typhoon
Melor,Palawan,0.0,5422.0,0.0,0.0,0,0.0,0.0,2015,Very strong typhoon
Melor,Biliran,0.0,1615.0,0.0,0.0,0,0.0,2426843.0,2015,Very strong typhoon
Onyok,Agusan del Sur,0.0,3420.0,2.0,2.0,4,0.0,0.0,2015,Tropical depression
Onyok,Dinagat Islands,0.0,688.0,2.0,1.0,3,0.0,0.0,2015,Tropical depression
Onyok,Surigao del Norte,0.0,641.0,1.0,0.0,1,0.0,0.0,2015,Tropical depression
Onyok,Agusan del Norte,0.0,148.0,0.0,0.0,0,0.0,0.0,2015,Tropical depression
Onyok,Surigao del Sur,0.0,6414.0,0.0,0.0,0,0.0,0.0,2015,Tropical depression
Nida,Iloilo,0.0,103.0,0.0,0.0,0,0.0,0.0,2016,Severe tropical storm
Nida,Ilocos Norte,0.0,29.0,0.0,4.0,4,0.0,0.0,2016,Severe tropical storm
Nida,Ilocos Sur,0.0,8.0,0.0,3.0,3,0.0,0.0,2016,Severe tropical storm
Nida,Cagayan,0.0,356.0,0.0,0.0,0,0.0,0.0,2016,Severe tropical storm
Nida,Isabela,0.0,7933.0,0.0,0.0,0,0.0,0.0,2016,Severe tropical storm
Meranti,Batanes,0.0,16518.0,407.0,1834.0,2241,0.0,0.0,2016,Violent typhoon
Meranti,Ilocos Norte,0.0,105.0,0.0,0.0,0,0.0,0.0,2016,Violent typhoon
Meranti,Cagayan,0.0,25.0,0.0,0.0,0,0.0,0.0,2016,Violent typhoon
Sarika,Laguna,0.0,0.0,0.0,0.0,0,0.0,0.0,2016,Very strong typhoon
Sarika,Ilocos Norte,0.0,19079.0,0.0,20.0,20,0.0,0.0,2016,Very strong typhoon
Sarika,La Union,0.0,517.0,21.0,25.0,46,0.0,24610252.0,2016,Very strong typhoon
Sarika,Pangasinan,0.0,18187.0,19.0,148.0,167,0.0,184079521.0,2016,Very strong typhoon
Sarika,Nueva Vizcaya,0.0,17766.0,431.0,2893.0,3324,300000.0,13762390.0,2016,Very strong typhoon
Sarika,Aurora,0.0,77784.0,887.0,6817.0,7704,9100000.0,73069416.0,2016,Very strong typhoon
Sarika,Nueva Ecija,0.0,86207.0,40.0,1007.0,1047,5500000.0,1169133748.0,2016,Very strong typhoon
Sarika,Tarlac,0.0,15467.0,1.0,8.0,9,0.0,1047968255.0,2016,Very strong typhoon
Sarika,Camarines Sur,0.0,45343.0,0.0,88.0,88,0.0,648906866.7,2016,Very strong typhoon
Sarika,Camarines Norte,0.0,7063.0,22.0,316.0,338,0.0,158659421.0,2016,Very strong typhoon
Sarika,Catanduanes,0.0,5640.0,0.0,1.0,1,20317500.0,19804668.0,2016,Very strong typhoon
Sarika,Benguet,0.0,152.0,0.0,16.0,16,0.0,1153393.0,2016,Very strong typhoon
Sarika,Ifugao,0.0,39.0,0.0,9.0,9,2500000.0,0.0,2016,Very strong typhoon
Sarika,Kalinga,0.0,128.0,0.0,6.0,6,2200000.0,0.0,2016,Very strong typhoon
Sarika,Ilocos Sur,0.0,275.0,0.0,0.0,0,0.0,0.0,2016,Very strong typhoon
Sarika,Cagayan,0.0,946.0,0.0,0.0,0,93000000.0,0.0,2016,Very strong typhoon
Sarika,Isabela,0.0,10751.0,0.0,0.0,0,0.0,193807780.0,2016,Very strong typhoon
Sarika,Quirino,0.0,126.0,0.0,0.0,0,77500000.0,28290860.0,2016,Very strong typhoon
Sarika,Bulacan,0.0,735.0,0.0,0.0,0,15000000.0,31637078.0,2016,Very strong typhoon
Sarika,Pampanga,0.0,1100.0,0.0,0.0,0,5500000.0,2093458.0,2016,Very strong typhoon
Sarika,Zambales,0.0,2293.0,0.0,0.0,0,0.0,847844.0,2016,Very strong typhoon
Sarika,Quezon,0.0,1081.0,0.0,0.0,0,0.0,5918260.0,2016,Very strong typhoon
Sarika,Rizal,0.0,237.0,0.0,0.0,0,0.0,2595050.0,2016,Very strong typhoon
Sarika,Albay,0.0,6828.0,0.0,0.0,0,0.0,53179472.0,2016,Very strong typhoon
Sarika,Sorsogon,0.0,1614.0,0.0,0.0,0,0.0,61544359.18,2016,Very strong typhoon
Sarika,Mountain Province,0.0,7.0,0.0,0.0,0,350000.0,0.0,2016,Very strong typhoon
Sarika,Bataan,0.0,0.0,0.0,0.0,0,0.0,7788000.0,2016,Very strong typhoon
Haima,Ilocos Norte,0.0,91224.0,1334.0,17441.0,18775,494900000.0,400662359.0,2016,Violent typhoon
Haima,Ilocos Sur,0.0,94288.0,699.0,9340.0,10039,587250000.0,229184030.0,2016,Violent typhoon
Haima,La Union,0.0,23139.0,49.0,866.0,915,35900000.0,51325349.0,2016,Violent typhoon
Haima,Pangasinan,0.0,72065.0,7.0,0.0,7,16078188.0,807000.0,2016,Violent typhoon
Haima,Cagayan,0.0,355551.0,5254.0,23175.0,28429,624975000.0,0.0,2016,Violent typhoon
Haima,Isabela,0.0,96279.0,5994.0,25567.0,31561,567050000.0,0.0,2016,Violent typhoon
Haima,Nueva Vizcaya,0.0,7674.0,36.0,125.0,161,148943000.0,0.0,2016,Violent typhoon
Haima,Quirino,0.0,3103.0,0.0,127.0,127,174493000.0,0.0,2016,Violent typhoon
Haima,Aurora,3.0,44311.0,0.0,4.0,4,3000000.0,0.0,2016,Violent typhoon
Haima,Bataan,0.0,4640.0,5.0,20.0,25,0.0,0.0,2016,Violent typhoon
Haima,Bulacan,0.0,2441.0,0.0,0.0,0,0.0,0.0,2016,Violent typhoon
Haima,Nueva Ecija,0.0,22865.0,0.0,0.0,0,3000000.0,0.0,2016,Violent typhoon
Haima,Pampanga,0.0,40306.0,0.0,0.0,0,0.0,0.0,2016,Violent typhoon
Haima,Tarlac,0.0,24084.0,1.0,6.0,7,0.0,0.0,2016,Violent typhoon
Haima,Zambales,0.0,1835.0,0.0,0.0,0,0.0,0.0,2016,Violent typhoon
Haima,Batangas,0.0,971.0,0.0,0.0,0,0.0,0.0,2016,Violent typhoon
Haima,Quezon,0.0,724.0,0.0,0.0,0,0.0,0.0,2016,Violent typhoon
Haima,Rizal,0.0,53.0,0.0,0.0,0,0.0,0.0,2016,Violent typhoon
Haima,Camarines Norte,0.0,91.0,0.0,0.0,0,0.0,0.0,2016,Violent typhoon
Haima,Sorsogon,0.0,8761.0,0.0,0.0,0,0.0,0.0,2016,Violent typhoon
Haima,Abra,0.0,95713.0,374.0,4689.0,5063,0.0,28002400.0,2016,Violent typhoon
Haima,Apayao,0.0,9101.0,311.0,1720.0,2031,0.0,91682262.14,2016,Violent typhoon
Haima,Benguet,6.0,3367.0,62.0,368.0,430,1199500.0,5001032.93,2016,Violent typhoon
Haima,Ifugao,2.0,3642.0,13.0,392.0,405,0.0,48241980.35,2016,Violent typhoon
Haima,Kalinga,6.0,175376.0,569.0,2156.0,2725,0.0,135576912.5,2016,Violent typhoon
Haima,Mountain Province,0.0,32875.0,11.0,281.0,292,629500.0,25408838.2,2016,Violent typhoon
Tokage,Leyte,0.0,0.0,0.0,1.0,1,0.0,0.0,2016,Severe tropical storm
Tokage,Oriental Mindoro,0.0,1361.0,0.0,0.0,0,0.0,0.0,2016,Severe tropical storm
Tokage,Romblon,0.0,91.0,0.0,1.0,1,0.0,0.0,2016,Severe tropical storm
Tokage,Negros Occidental,0.0,32.0,0.0,0.0,0,0.0,0.0,2016,Severe tropical storm
Tokage,Iloilo,0.0,5493.0,0.0,9.0,9,0.0,0.0,2016,Severe tropical storm
Tokage,Cebu,0.0,0.0,5.0,0.0,5,0.0,0.0,2016,Severe tropical storm
Tokage,Aklan,0.0,1113.0,0.0,0.0,0,0.0,0.0,2016,Severe tropical storm
Tokage,Antique,0.0,1741.0,0.0,0.0,0,0.0,0.0,2016,Severe tropical storm
Tokage,Capiz,0.0,3115.0,0.0,0.0,0,0.0,0.0,2016,Severe tropical storm
Tokage,Dinagat Islands,0.0,862.0,0.0,0.0,0,0.0,0.0,2016,Severe tropical storm
Tokage,Surigao del Norte,0.0,162.0,0.0,0.0,0,0.0,0.0,2016,Severe tropical storm
Tokage,Surigao del Sur,0.0,339.0,0.0,0.0,0,0.0,0.0,2016,Severe tropical storm
Nock-Ten,Batangas,1.0,7888.0,250.0,1303.0,1553,0.0,72562760.0,2016,Violent typhoon
Nock-Ten,Cavite,0.0,896.0,0.0,0.0,0,0.0,900984.0,2016,Violent typhoon
Nock-Ten,Laguna,0.0,1472.0,0.0,0.0,0,0.0,1350000.0,2016,Violent typhoon
Nock-Ten,Quezon,2.0,168703.0,4727.0,29405.0,34132,31680000.0,91736212.53,2016,Violent typhoon
Nock-Ten,Rizal,0.0,43.0,0.0,0.0,0,0.0,650000.0,2016,Violent typhoon
Nock-Ten,Marinduque,1.0,180155.0,5848.0,27676.0,33524,95447600.0,512650454.0,2016,Violent typhoon
Nock-Ten,Occidental Mindoro,0.0,3170.0,6.0,333.0,339,33000000.0,216079488.0,2016,Violent typhoon
Nock-Ten,Oriental Mindoro,2.0,65561.0,2750.0,8958.0,11708,173921810.0,539384397.0,2016,Violent typhoon
Nock-Ten,Albay,4.0,667170.0,18902.0,44581.0,63483,216745000.0,637586052.0,2016,Violent typhoon
Nock-Ten,Camarines Norte,0.0,10364.0,0.0,0.0,0,0.0,82324851.0,2016,Violent typhoon
Nock-Ten,Camarines Sur,3.0,920606.0,43691.0,94088.0,137779,457839485.0,2549310988.0,2016,Violent typhoon
Nock-Ten,Catanduanes,0.0,159945.0,9049.0,23133.0,32182,44600000.0,280366002.0,2016,Violent typhoon
Nock-Ten,Masbate,0.0,5801.0,0.0,0.0,0,0.0,5631000.0,2016,Violent typhoon
Nock-Ten,Sorsogon,0.0,85597.0,6.0,61.0,67,0.0,35873000.0,2016,Violent typhoon
Nock-Ten,Northern Samar,0.0,17650.0,0.0,0.0,0,0.0,1336170.0,2016,Violent typhoon
Pakhar,Bataan,0.0,0.0,0.0,0.0,0,0.0,0.0,2017,Severe tropical storm
Pakhar,Camarines Sur,0.0,0.0,0.0,0.0,0,0.0,0.0,2017,Severe tropical storm
Pakhar,Metro Manila,0.0,0.0,0.0,0.0,0,0.0,0.0,2017,Severe tropical storm
Pakhar,La Union,0.0,137.0,0.0,0.0,0,0.0,0.0,2017,Severe tropical storm
Pakhar,Cagayan,0.0,64.0,0.0,0.0,0,0.0,0.0,2017,Severe tropical storm
Pakhar,Isabela,0.0,575.0,0.0,0.0,0,0.0,0.0,2017,Severe tropical storm
Pakhar,Nueva Vizcaya,0.0,1108.0,0.0,0.0,0,0.0,0.0,2017,Severe tropical storm
Pakhar,Quirino,0.0,30.0,0.0,0.0,0,0.0,0.0,2017,Severe tropical storm
Pakhar,Aurora,0.0,1140.0,0.0,0.0,0,0.0,0.0,2017,Severe tropical storm
Pakhar,Zambales,0.0,145.0,0.0,0.0,0,0.0,0.0,2017,Severe tropical storm
Pakhar,Abra,0.0,133.0,0.0,0.0,0,0.0,0.0,2017,Severe tropical storm
Pakhar,Benguet,0.0,36.0,0.0,0.0,0,0.0,0.0,2017,Severe tropical storm
Pakhar,Ifugao,0.0,5.0,0.0,0.0,0,0.0,0.0,2017,Severe tropical storm
Pakhar,Mountain Province,0.0,24.0,0.0,0.0,0,0.0,0.0,2017,Severe tropical storm
Doksuri,Batangas,0.0,1471.0,54.0,70.0,124,29719566.0,14600423.25,2017,Strong typhoon
Doksuri,Cavite,2.0,1167.0,3.0,6.0,9,3507950.0,15944014.64,2017,Strong typhoon
Doksuri,Laguna,6.0,8278.0,122.0,531.0,653,25560000.0,27770749.77,2017,Strong typhoon
Doksuri,Quezon,2.0,25524.0,150.0,886.0,1036,14560000.0,123055116.7,2017,Strong typhoon
Doksuri,Metro Manila,3.0,1451.0,0.0,0.0,0,0.0,0.0,2017,Strong typhoon
Doksuri,Bulacan,0.0,86.0,0.0,0.0,0,0.0,0.0,2017,Strong typhoon
Doksuri,Zambales,0.0,90.0,0.0,0.0,0,0.0,0.0,2017,Strong typhoon
Doksuri,Rizal,8.0,2899.0,0.0,0.0,0,0.0,12321110.0,2017,Strong typhoon
Doksuri,Romblon,1.0,0.0,0.0,0.0,0,0.0,0.0,2017,Strong typhoon
Doksuri,Marinduque,0.0,0.0,0.0,0.0,0,0.0,0.0,2017,Strong typhoon
Doksuri,Occidental Mindoro,0.0,0.0,0.0,0.0,0,0.0,0.0,2017,Strong typhoon
Khanun,Apayao,1.0,4720.0,1.0,0.0,1,0.0,0.0,2017,Strong typhoon
Khanun,Benguet,0.0,9.0,1.0,0.0,1,0.0,0.0,2017,Strong typhoon
Khanun,Cagayan,0.0,4500.0,0.0,0.0,0,0.0,0.0,2017,Strong typhoon
Khanun,Zambales,0.0,30.0,0.0,0.0,0,0.0,0.0,2017,Strong typhoon
Khanun,Occidental Mindoro,0.0,0.0,0.0,0.0,0,0.0,0.0,2017,Strong typhoon
Khanun,Oriental Mindoro,0.0,0.0,0.0,0.0,0,0.0,0.0,2017,Strong typhoon
Khanun,Ilocos Sur,0.0,0.0,0.0,0.0,0,0.0,0.0,2017,Strong typhoon
Khanun,Romblon,0.0,0.0,0.0,0.0,0,0.0,0.0,2017,Strong typhoon
Damrey,Camarines Norte,0.0,231.0,0.0,0.0,0,0.0,0.0,2017,Strong typhoon
Damrey,Camarines Sur,0.0,59.0,0.0,0.0,0,0.0,0.0,2017,Strong typhoon
Damrey,Oriental Mindoro,0.0,15.0,0.0,0.0,0,0.0,0.0,2017,Strong typhoon
Damrey,Laguna,0.0,0.0,0.0,0.0,0,0.0,0.0,2017,Strong typhoon
Damrey,Batangas,2.0,0.0,0.0,0.0,0,0.0,0.0,2017,Strong typhoon
Damrey,Romblon,0.0,0.0,0.0,0.0,0,0.0,0.0,2017,Strong typhoon
Damrey,Albay,0.0,0.0,0.0,0.0,0,0.0,0.0,2017,Strong typhoon
Damrey,Palawan,3.0,0.0,0.0,0.0,0,0.0,0.0,2017,Strong typhoon
Haikui,Aurora,0.0,4239.0,0.0,5.0,5,0.0,0.0,2017,Tropical storm
Haikui,Quezon,0.0,1037.0,0.0,0.0,0,1500000.0,15857068.93,2017,Tropical storm
Haikui,Laguna,0.0,164.0,0.0,0.0,0,0.0,218447000.0,2017,Tropical storm
Haikui,Camarines Sur,0.0,233.0,0.0,0.0,0,0.0,0.0,2017,Tropical storm
Haikui,Batangas,0.0,0.0,0.0,0.0,0,18032000.0,7000000.0,2017,Tropical storm
Haikui,Marinduque,0.0,0.0,0.0,0.0,0,0.0,0.0,2017,Tropical storm
Haikui,Romblon,0.0,0.0,0.0,0.0,0,0.0,0.0,2017,Tropical storm
Haikui,Samar,0.0,0.0,0.0,0.0,0,0.0,0.0,2017,Tropical storm
Haikui,Northern Samar,0.0,0.0,0.0,0.0,0,0.0,0.0,2017,Tropical storm
Kai-Tak,Marinduque,0.0,93.0,0.0,0.0,0,45100000.0,1441694.0,2017,Tropical storm
Kai-Tak,Oriental Mindoro,0.0,1135.0,0.0,0.0,0,237643321.0,415111515.0,2017,Tropical storm
Kai-Tak,Palawan,0.0,70.0,0.0,0.0,0,65258597.2,2677860.0,2017,Tropical storm
Kai-Tak,Romblon,2.0,548.0,0.0,0.0,0,260580000.0,1618999734.0,2017,Tropical storm
Kai-Tak,Albay,0.0,7634.0,0.0,0.0,0,0.0,20132252.0,2017,Tropical storm
Kai-Tak,Camarines Norte,0.0,568.0,0.0,0.0,0,0.0,8404347.0,2017,Tropical storm
Kai-Tak,Camarines Sur,0.0,1262.0,0.0,0.0,0,0.0,267934074.0,2017,Tropical storm
Kai-Tak,Masbate,4.0,19257.0,6.0,18.0,24,1000000.0,37746317.0,2017,Tropical storm
Kai-Tak,Sorsogon,0.0,3958.0,0.0,0.0,0,0.0,5613826.0,2017,Tropical storm
Kai-Tak,Aklan,0.0,1308.0,0.0,0.0,0,0.0,0.0,2017,Tropical storm
Kai-Tak,Capiz,0.0,1380.0,0.0,0.0,0,0.0,0.0,2017,Tropical storm
Kai-Tak,Iloilo,0.0,828.0,0.0,0.0,0,0.0,0.0,2017,Tropical storm
Kai-Tak,Cebu,0.0,24294.0,0.0,0.0,0,0.0,3623267.0,2017,Tropical storm
Kai-Tak,Biliran,28.0,118599.0,1692.0,4419.0,6111,488520000.0,273111604.0,2017,Tropical storm
Kai-Tak,Eastern Samar,1.0,385156.0,303.0,9050.0,9353,50000000.0,357968953.0,2017,Tropical storm
Kai-Tak,Leyte,6.0,525254.0,82.0,1050.0,1132,425319000.0,445177994.0,2017,Tropical storm
Kai-Tak,Northern Samar,0.0,249617.0,397.0,3567.0,3964,0.0,34991830.0,2017,Tropical storm
Kai-Tak,Samar,5.0,508985.0,264.0,14143.0,14407,574700000.0,223870119.0,2017,Tropical storm
Kai-Tak,Southern Leyte,0.0,1281.0,4.0,274.0,278,0.0,5495584.0,2017,Tropical storm
Kai-Tak,Dinagat Islands,0.0,1668.0,0.0,0.0,0,0.0,0.0,2017,Tropical storm
Kai-Tak,Surigao del Norte,0.0,5.0,0.0,0.0,0,0.0,0.0,2017,Tropical storm
Kai-Tak,Surigao del Sur,1.0,0.0,0.0,0.0,0,0.0,0.0,2017,Tropical storm
Kai-Tak,Antique,0.0,0.0,0.0,0.0,0,0.0,0.0,2017,Tropical storm
Kai-Tak,Agusan del Norte,0.0,0.0,0.0,17.0,17,0.0,0.0,2017,Tropical storm
Tembin,Davao de Oro,0.0,17034.0,16.0,1.0,17,0.0,54568755.0,2017,Strong typhoon
Tembin,Quezon,0.0,0.0,0.0,0.0,0,0.0,0.0,2017,Strong typhoon
Tembin,Oriental Mindoro,0.0,719.0,0.0,0.0,0,0.0,0.0,2017,Strong typhoon
Tembin,Palawan,0.0,24688.0,646.0,1014.0,1660,710000.0,5608700.0,2017,Strong typhoon
Tembin,Bohol,0.0,68.0,0.0,0.0,0,0.0,0.0,2017,Strong typhoon
Tembin,Negros Oriental,0.0,297.0,0.0,0.0,0,0.0,0.0,2017,Strong typhoon
Tembin,Zamboanga del Norte,31.0,117199.0,1516.0,1505.0,3021,0.0,124788058.0,2017,Strong typhoon
Tembin,Zamboanga del Sur,0.0,20310.0,8.0,0.0,8,17710000.0,90731982.13,2017,Strong typhoon
Tembin,Zamboanga Sibugay,0.0,18202.0,22.0,0.0,22,0.0,61789486.0,2017,Strong typhoon
Tembin,Bukidnon,2.0,19912.0,121.0,34.0,155,300000.0,6877155.0,2017,Strong typhoon
Tembin,Lanao del Norte,6.0,66883.0,830.0,1574.0,2404,151500000.0,109915763.0,2017,Strong typhoon
Tembin,Misamis Occidental,0.0,10356.0,0.0,8.0,8,0.0,2313004.0,2017,Strong typhoon
Tembin,Misamis Oriental,0.0,33635.0,112.0,1034.0,1146,0.0,0.0,2017,Strong typhoon
Tembin,Davao del Norte,0.0,124613.0,26.0,1.0,27,73185110.0,170104494.0,2017,Strong typhoon
Tembin,Davao del Sur,0.0,40040.0,361.0,223.0,584,0.0,125837.0,2017,Strong typhoon
Tembin,Davao Oriental,0.0,13768.0,0.0,0.0,0,0.0,11314751.0,2017,Strong typhoon
Tembin,Davao Occidental,0.0,460.0,0.0,0.0,0,0.0,0.0,2017,Strong typhoon
Tembin,Cotabato,0.0,116061.0,0.0,0.0,0,0.0,55840017.0,2017,Strong typhoon
Tembin,Agusan del Norte,0.0,2351.0,0.0,0.0,0,0.0,7078275.0,2017,Strong typhoon
Tembin,Agusan del Sur,0.0,5674.0,0.0,0.0,0,0.0,5591839.0,2017,Strong typhoon
Tembin,Dinagat Islands,0.0,1305.0,0.0,0.0,0,0.0,110000.0,2017,Strong typhoon
Tembin,Surigao del Norte,0.0,7844.0,0.0,0.0,0,0.0,9890040.0,2017,Strong typhoon
Tembin,Surigao del Sur,0.0,19202.0,0.0,0.0,0,0.0,45000.0,2017,Strong typhoon
Tembin,Lanao del Sur,0.0,92869.0,348.0,180.0,528,0.0,134933438.0,2017,Strong typhoon
Tembin,Maguindanao,0.0,118267.0,0.0,0.0,0,0.0,35749814.0,2017,Strong typhoon
Tembin,Zamboanga Sibugay,5.0,0.0,0.0,0.0,0,0.0,61789486.0,2017,Strong typhoon
Bolaven,Cebu,1.0,1951.0,2.0,21.0,23,0.0,0.0,2018,Tropical storm
Bolaven,Iloilo,1.0,1848.0,0.0,2.0,2,0.0,202892158.2,2018,Tropical storm
Bolaven,Aklan,1.0,2642.0,1.0,0.0,1,18634000.0,17456840.34,2018,Tropical storm
Bolaven,Palawan,0.0,9078.0,12.0,69.0,81,8846000.0,1145600.0,2018,Tropical storm
Bolaven,Bohol,0.0,1620.0,1.0,6.0,7,0.0,0.0,2018,Tropical storm
Bolaven,Southern Leyte,0.0,0.0,0.0,10.0,10,0.0,0.0,2018,Tropical storm
Bolaven,Lanao del Norte,0.0,6987.0,23.0,2.0,25,0.0,0.0,2018,Tropical storm
Bolaven,Dinagat Islands,0.0,79.0,0.0,4.0,4,0.0,0.0,2018,Tropical storm
Bolaven,Sulu,0.0,0.0,0.0,9.0,9,0.0,0.0,2018,Tropical storm
Bolaven,Capiz,0.0,43192.0,0.0,0.0,0,0.0,351091264.4,2018,Tropical storm
Bolaven,Biliran,0.0,421.0,0.0,0.0,0,0.0,0.0,2018,Tropical storm
Bolaven,Eastern Samar,0.0,4489.0,0.0,0.0,0,0.0,0.0,2018,Tropical storm
Bolaven,Leyte,0.0,132.0,0.0,0.0,0,0.0,0.0,2018,Tropical storm
Bolaven,Northern Samar,0.0,8783.0,0.0,0.0,0,0.0,0.0,2018,Tropical storm
Bolaven,Camiguin,0.0,210.0,0.0,0.0,0,0.0,0.0,2018,Tropical storm
Bolaven,Misamis Oriental,0.0,882.0,0.0,0.0,0,0.0,0.0,2018,Tropical storm
Bolaven,Agusan del Norte,0.0,245.0,0.0,0.0,0,0.0,0.0,2018,Tropical storm
Bolaven,Surigao del Norte,0.0,1068.0,0.0,0.0,0,0.0,0.0,2018,Tropical storm
Bolaven,Surigao del Sur,0.0,281.0,0.0,0.0,0,0.0,0.0,2018,Tropical storm
Bolaven,Camarines Sur,0.0,0.0,0.0,0.0,0,0.0,0.0,2018,Tropical storm
Bolaven,Sorsogon,0.0,0.0,0.0,0.0,0,0.0,0.0,2018,Tropical storm
Sanba,Iloilo,0.0,39.0,2.0,5.0,7,0.0,0.0,2018,Tropical storm
Sanba,Negros Occidental,0.0,38.0,2.0,2.0,4,0.0,0.0,2018,Tropical storm
Sanba,Bohol,0.0,15325.0,32.0,12.0,44,0.0,0.0,2018,Tropical storm
Sanba,Leyte,0.0,33849.0,7.0,0.0,7,0.0,15281902.0,2018,Tropical storm
Sanba,Southern Leyte,0.0,146.0,0.0,5.0,5,0.0,3060000.0,2018,Tropical storm
Sanba,Eastern Samar,0.0,81776.0,15.0,84.0,99,0.0,3647576.0,2018,Tropical storm
Sanba,Agusan del Norte,0.0,2118.0,14.0,3.0,17,0.0,1637891.0,2018,Tropical storm
Sanba,Surigao del Norte,0.0,62543.0,277.0,1078.0,1355,0.0,23256484.0,2018,Tropical storm
Sanba,Surigao del Sur,0.0,25899.0,80.0,42.0,122,0.0,99474493.0,2018,Tropical storm
Sanba,Palawan,0.0,1547.0,0.0,0.0,0,0.0,0.0,2018,Tropical storm
Sanba,Capiz,0.0,13.0,0.0,0.0,0,0.0,0.0,2018,Tropical storm
Sanba,Cebu,0.0,2763.0,0.0,0.0,0,0.0,0.0,2018,Tropical storm
Sanba,Negros Oriental,0.0,1645.0,0.0,0.0,0,0.0,0.0,2018,Tropical storm
Sanba,Siquijor,0.0,78.0,0.0,0.0,0,0.0,0.0,2018,Tropical storm
Sanba,Biliran,0.0,160.0,0.0,0.0,0,0.0,0.0,2018,Tropical storm
Sanba,Samar,0.0,25963.0,0.0,0.0,0,0.0,20838600.0,2018,Tropical storm
Sanba,Dinagat Islands,0.0,957.0,0.0,0.0,0,0.0,162685.0,2018,Tropical storm
Mangkhut,Metro Manila,0.0,29885.0,0.0,0.0,0,0.0,0.0,2018,Violent typhoon
Mangkhut,Ilocos Norte,0.0,181365.0,1297.0,27521.0,28818,1092495000.0,2098272090.0,2018,Violent typhoon
Mangkhut,Ilocos Sur,1.0,461253.0,1267.0,36405.0,37672,358769783.5,1862262186.0,2018,Violent typhoon
Mangkhut,La Union,0.0,244466.0,289.0,4494.0,4783,274202000.0,1231952999.0,2018,Violent typhoon
Mangkhut,Pangasinan,0.0,417118.0,199.0,1378.0,1577,801750000.0,1895648438.0,2018,Violent typhoon
Mangkhut,Batanes,0.0,52.0,0.0,0.0,0,0.0,17110248.52,2018,Violent typhoon
Mangkhut,Cagayan,5.0,501113.0,9561.0,79225.0,88786,2459852548.0,6278674482.0,2018,Violent typhoon
Mangkhut,Isabela,0.0,108842.0,207.0,3617.0,3824,638784450.8,7305683085.0,2018,Violent typhoon
Mangkhut,Nueva Vizcaya,4.0,10608.0,13.0,211.0,224,606858360.0,577601232.1,2018,Violent typhoon
Mangkhut,Quirino,0.0,8486.0,14.0,299.0,313,203693000.0,275075740.6,2018,Violent typhoon
Mangkhut,Aurora,0.0,41825.0,0.0,7.0,7,0.0,68276806.8,2018,Violent typhoon
Mangkhut,Bataan,0.0,2110.0,0.0,26.0,26,0.0,22912518.88,2018,Violent typhoon
Mangkhut,Bulacan,0.0,164975.0,6.0,112.0,118,0.0,49380322.65,2018,Violent typhoon
Mangkhut,Nueva Ecija,1.0,131658.0,16.0,178.0,194,58100000.0,1255942087.0,2018,Violent typhoon
Mangkhut,Pampanga,0.0,189528.0,0.0,13.0,13,17250000.0,151139334.3,2018,Violent typhoon
Mangkhut,Tarlac,0.0,85896.0,5.0,11.0,16,1909163400.0,390767145.8,2018,Violent typhoon
Mangkhut,Zambales,0.0,11230.0,95.0,1833.0,1928,0.0,120808844.2,2018,Violent typhoon
Mangkhut,Batangas,0.0,1623.0,0.0,0.0,0,0.0,737835.0,2018,Violent typhoon
Mangkhut,Cavite,0.0,7058.0,0.0,0.0,0,0.0,21459291.25,2018,Violent typhoon
Mangkhut,Laguna,0.0,2621.0,0.0,0.0,0,0.0,17427370.0,2018,Violent typhoon
Mangkhut,Quezon,0.0,5418.0,0.0,0.0,0,0.0,53838750.31,2018,Violent typhoon
Mangkhut,Rizal,0.0,14956.0,0.0,0.0,0,0.0,2069650.0,2018,Violent typhoon
Mangkhut,Marinduque,0.0,1434.0,0.0,0.0,0,0.0,0.0,2018,Violent typhoon
Mangkhut,Occidental Mindoro,0.0,4869.0,0.0,0.0,0,0.0,0.0,2018,Violent typhoon
Mangkhut,Oriental Mindoro,0.0,1036.0,0.0,0.0,0,0.0,0.0,2018,Violent typhoon
Mangkhut,Palawan,0.0,76.0,0.0,0.0,0,0.0,0.0,2018,Violent typhoon
Mangkhut,Abra,0.0,186874.0,505.0,18120.0,18625,254150074.8,464665969.0,2018,Violent typhoon
Mangkhut,Apayao,0.0,113929.0,725.0,15083.0,15808,973007620.7,2069470804.0,2018,Violent typhoon
Mangkhut,Benguet,65.0,38870.0,457.0,3145.0,3602,667680010.7,475977738.4,2018,Violent typhoon
Mangkhut,Ifugao,0.0,5990.0,26.0,686.0,712,211080000.0,1383668752.0,2018,Violent typhoon
Mangkhut,Kalinga,0.0,49921.0,96.0,2750.0,2846,220114585.0,2687720405.0,2018,Violent typhoon
Mangkhut,Mountain Province,6.0,3977.0,17.0,591.0,608,387183781.0,454367421.6,2018,Violent typhoon
Mangkhut,Antique,0.0,0.0,0.0,0.0,0,0.0,6914812.0,2018,Violent typhoon
Mangkhut,Ifugao,0.0,0.0,0.0,0.0,0,211080000.0,1383668752.0,2018,Violent typhoon
Yutu,Mountain Province,14.0,34523.0,82.0,882.0,964,0.0,399715.69,2018,Violent typhoon
Yutu,Kalinga,1.0,7511.0,26.0,196.0,222,0.0,302615283.0,2018,Violent typhoon
Yutu,Ifugao,4.0,10359.0,166.0,2199.0,2365,0.0,13112020.27,2018,Violent typhoon
Yutu,Nueva Vizcaya,0.0,5559.0,34.0,282.0,316,0.0,97978937.0,2018,Violent typhoon
Yutu,Isabela,0.0,140523.0,2260.0,18237.0,20497,0.0,1664898861.0,2018,Violent typhoon
Yutu,Cagayan,0.0,14495.0,0.0,0.0,0,0.0,165240085.0,2018,Violent typhoon
Yutu,Ilocos Norte,0.0,132.0,13.0,2.0,15,0.0,470000.0,2018,Violent typhoon
Yutu,Ilocos Sur,0.0,582.0,4.0,11.0,15,0.0,270000.0,2018,Violent typhoon
Yutu,La Union,0.0,4991.0,5.0,203.0,208,0.0,844508.0,2018,Violent typhoon
Yutu,Pangasinan,0.0,31524.0,1.0,28.0,29,0.0,108233324.0,2018,Violent typhoon
Yutu,Quirino,0.0,8403.0,130.0,1247.0,1377,0.0,22308250.0,2018,Violent typhoon
Yutu,Aurora,0.0,21493.0,31.0,644.0,675,0.0,10218016.0,2018,Violent typhoon
Yutu,Nueva Ecija,0.0,280.0,0.0,0.0,0,0.0,326617452.0,2018,Violent typhoon
Yutu,Tarlac,0.0,25.0,0.0,0.0,0,0.0,14211558.0,2018,Violent typhoon
Yutu,Zambales,0.0,10.0,0.0,0.0,0,0.0,35396130.0,2018,Violent typhoon
Yutu,Northern Samar,0.0,1338.0,5.0,104.0,109,0.0,0.0,2018,Violent typhoon
Yutu,Abra,0.0,15121.0,0.0,0.0,0,0.0,0.0,2018,Violent typhoon
Yutu,Apayao,0.0,1887.0,0.0,6.0,6,0.0,0.0,2018,Violent typhoon
Yutu,Benguet,0.0,5316.0,1.0,9.0,10,0.0,779938.27,2018,Violent typhoon
Yutu,Quezon,1.0,0.0,0.0,0.0,0,0.0,0.0,2018,Violent typhoon
Usagi,Northern Samar,0.0,53704.0,7.0,17.0,24,0.0,42710424.0,2018,Severe tropical storm
Usagi,Eastern Samar,0.0,67898.0,86.0,1630.0,1716,0.0,1084658.0,2018,Severe tropical storm
Usagi,Masbate,0.0,281.0,0.0,0.0,0,0.0,0.0,2018,Severe tropical storm
Usagi,Biliran,0.0,1199.0,0.0,0.0,0,0.0,4375296.0,2018,Severe tropical storm
Usagi,Leyte,0.0,312.0,0.0,0.0,0,0.0,0.0,2018,Severe tropical storm
Usagi,Samar,0.0,584.0,0.0,0.0,0,0.0,0.0,2018,Severe tropical storm
Usagi,Southern Leyte,0.0,235.0,0.0,0.0,0,0.0,0.0,2018,Severe tropical storm
Usagi,Palawan,0.0,0.0,0.0,0.0,0,0.0,0.0,2018,Severe tropical storm
Usman,Batangas,0.0,47.0,3.0,9.0,12,0.0,0.0,2018,Tropical depression
Usman,Laguna,0.0,322.0,2.0,0.0,2,1000000.0,0.0,2018,Tropical depression
Usman,Quezon,0.0,1319.0,3.0,5.0,8,95000000.0,0.0,2018,Tropical depression
Usman,Marinduque,0.0,298.0,0.0,0.0,0,0.0,0.0,2018,Tropical depression
Usman,Oriental Mindoro,3.0,147857.0,367.0,435.0,802,0.0,260501077.7,2018,Tropical depression
Usman,Palawan,0.0,528.0,0.0,0.0,0,0.0,0.0,2018,Tropical depression
Usman,Albay,0.0,19283.0,93.0,20.0,113,4737150584.0,288160546.2,2018,Tropical depression
Usman,Camarines Norte,0.0,43703.0,57.0,861.0,918,1242928400.0,300232056.4,2018,Tropical depression
Usman,Camarines Sur,5.0,358793.0,1921.0,5414.0,7335,2467270000.0,73708100.98,2018,Tropical depression
Usman,Catanduanes,0.0,1873.0,0.0,0.0,0,84059480.73,25394501.02,2018,Tropical depression
Usman,Masbate,0.0,396.0,0.0,0.0,0,25200000.0,26415745.9,2018,Tropical depression
Usman,Sorsogon,7.0,74941.0,0.0,3.0,3,79750000.0,66255704.18,2018,Tropical depression
Usman,Eastern Samar,0.0,1276.0,0.0,0.0,0,1000000.0,0.0,2018,Tropical depression
Usman,Northern Samar,8.0,294642.0,1236.0,11450.0,12686,26000000.0,0.0,2018,Tropical depression
Usman,Samar,5.0,70700.0,436.0,14259.0,14695,27500000.0,0.0,2018,Tropical depression
Usman,Capiz,0.0,0.0,0.0,0.0,0,0.0,0.0,2018,Tropical depression
Usman,Aklan,0.0,0.0,0.0,0.0,0,0.0,0.0,2018,Tropical depression
Amang,Agusan del Sur,0.0,10344.0,0.0,0.0,0,0.0,0.0,2019,Tropical depression
Amang,Surigao del Norte,0.0,3458.0,0.0,0.0,0,0.0,0.0,2019,Tropical depression
Amang,Agusan del Norte,0.0,1442.0,0.0,0.0,0,0.0,0.0,2019,Tropical depression
Amang,Surigao del Sur,0.0,853.0,0.0,0.0,0,0.0,0.0,2019,Tropical depression
Amang,Dinagat Islands,0.0,477.0,0.0,0.0,0,0.0,0.0,2019,Tropical depression
Chedeng,Davao Oriental,0.0,4971.0,4.0,15.0,19,0.0,0.0,2019,Tropical depression
Chedeng,Davao Occidental,0.0,1675.0,0.0,0.0,0,0.0,0.0,2019,Tropical depression
Chedeng,Davao del Sur,0.0,15.0,0.0,0.0,0,0.0,0.0,2019,Tropical depression
Marilyn,Zamboanga del Sur,0.0,7497.0,0.0,0.0,0,0.0,0.0,2019,Tropical depression
Marilyn,Sultan Kudarat,0.0,6470.0,22.0,58.0,80,0.0,0.0,2019,Tropical depression
Marilyn,Zamboanga del Norte,0.0,710.0,0.0,0.0,0,0.0,0.0,2019,Tropical depression
Marilyn,South Cotabato,0.0,624.0,22.0,97.0,119,0.0,0.0,2019,Tropical depression
Marilyn,Davao del Sur,0.0,135.0,0.0,0.0,0,0.0,0.0,2019,Tropical depression
Marilyn,Isabela,0.0,0.0,0.0,0.0,0,0.0,0.0,2019,Tropical depression
Marilyn,Pampanga,0.0,0.0,0.0,0.0,0,0.0,0.0,2019,Tropical depression
Marilyn,Bulacan,0.0,0.0,0.0,0.0,0,0.0,0.0,2019,Tropical depression
Marilyn,Negros Occidental,0.0,0.0,0.0,0.0,0,0.0,0.0,2019,Tropical depression
Marilyn,Zamboanga Sibugay,0.0,0.0,0.0,0.0,0,0.0,0.0,2019,Tropical depression
Kalmaegi,Cagayan,0.0,19340.0,0.0,0.0,0,0.0,35689392.0,2019,Strong typhoon
Kalmaegi,Apayao,0.0,7583.0,2.0,0.0,2,0.0,0.0,2019,Strong typhoon
Kalmaegi,Camarines Sur,0.0,2204.0,10.0,9.0,19,0.0,0.0,2019,Strong typhoon
Kalmaegi,Albay,0.0,1058.0,0.0,0.0,0,0.0,0.0,2019,Strong typhoon
Kalmaegi,Isabela,0.0,873.0,0.0,0.0,0,0.0,0.0,2019,Strong typhoon
Kalmaegi,Ilocos Norte,0.0,521.0,0.0,0.0,0,0.0,0.0,2019,Strong typhoon
Kalmaegi,Kalinga,0.0,24.0,1.0,0.0,1,0.0,0.0,2019,Strong typhoon
Kalmaegi,Camarines Norte,0.0,19.0,0.0,0.0,0,0.0,0.0,2019,Strong typhoon
Kalmaegi,Catanduanes,0.0,9.0,0.0,0.0,0,0.0,0.0,2019,Strong typhoon
Kammuri,Northern Samar,0.0,465877.0,8140.0,78487.0,86627,0.0,160192726.0,2019,Very strong typhoon
Kammuri,Albay,0.0,355841.0,17496.0,95076.0,112572,1645490505.0,426805290.2,2019,Very strong typhoon
Kammuri,Sorsogon,0.0,348298.0,9257.0,49926.0,59183,605822304.4,765896328.0,2019,Very strong typhoon
Kammuri,Camarines Sur,0.0,271253.0,9894.0,130962.0,140856,67431177.81,395231523.6,2019,Very strong typhoon
Kammuri,Masbate,0.0,172239.0,6312.0,17442.0,23754,716775000.0,70307500.0,2019,Very strong typhoon
Kammuri,Quezon,3.0,110575.0,8018.0,981.0,8999,0.0,627023355.0,2019,Very strong typhoon
Kammuri,Eastern Samar,0.0,60950.0,23.0,2267.0,2290,0.0,37620648.02,2019,Very strong typhoon
Kammuri,Samar,0.0,50413.0,440.0,8053.0,8493,0.0,50231106.02,2019,Very strong typhoon
Kammuri,Camarines Norte,0.0,40705.0,1113.0,9548.0,10661,1089187260.0,22883563.0,2019,Very strong typhoon
Kammuri,Catanduanes,0.0,29977.0,0.0,0.0,0,466500000.0,239834264.0,2019,Very strong typhoon
Kammuri,Oriental Mindoro,0.0,25339.0,4335.0,35239.0,39574,294917880.0,93268800.0,2019,Very strong typhoon
Kammuri,Occidental Mindoro,0.0,16099.0,465.0,3845.0,4310,113601824.0,62769600.0,2019,Very strong typhoon
Kammuri,Zambales,0.0,12861.0,0.0,0.0,0,0.0,0.0,2019,Very strong typhoon
Kammuri,Romblon,0.0,10865.0,1810.0,12470.0,14280,170642500.0,0.0,2019,Very strong typhoon
Kammuri,Marinduque,0.0,5984.0,790.0,14109.0,14899,68206586.69,3127200.0,2019,Very strong typhoon
Kammuri,Aurora,0.0,5407.0,1.0,120.0,121,0.0,0.0,2019,Very strong typhoon
Kammuri,Batangas,0.0,4802.0,912.0,204.0,1116,0.0,38334949.0,2019,Very strong typhoon
Kammuri,Bataan,0.0,3085.0,0.0,0.0,0,0.0,0.0,2019,Very strong typhoon
Kammuri,Laguna,0.0,805.0,170.0,17.0,187,0.0,2759275.0,2019,Very strong typhoon
Kammuri,Pampanga,0.0,416.0,0.0,0.0,0,0.0,0.0,2019,Very strong typhoon
Kammuri,Bulacan,0.0,224.0,0.0,0.0,0,0.0,0.0,2019,Very strong typhoon
Kammuri,Surigao del Sur,0.0,51.0,3.0,9.0,12,0.0,0.0,2019,Very strong typhoon
Kammuri,Cavite,0.0,32.0,8.0,0.0,8,0.0,202720.0,2019,Very strong typhoon
Kammuri,Mountain Province,0.0,8.0,0.0,1.0,1,0.0,0.0,2019,Very strong typhoon
Kammuri,Leyte,1.0,0.0,235.0,2255.0,2490,0.0,61575.0,2019,Very strong typhoon
Kammuri,Biliran,0.0,0.0,0.0,0.0,0,0.0,49803520.75,2019,Very strong typhoon
Kammuri,Palawan,0.0,0.0,0.0,1.0,1,0.0,0.0,2019,Very strong typhoon
Kammuri,Antique,0.0,0.0,2.0,4.0,6,0.0,0.0,2019,Very strong typhoon
Kammuri,Capiz,0.0,0.0,0.0,0.0,0,0.0,0.0,2019,Very strong typhoon
Phanfone,Leyte,9.0,772162.0,7060.0,124672.0,131732,96350500.0,396656121.0,2019,Strong typhoon
Phanfone,Capiz,5.0,625921.0,14257.0,68404.0,82661,0.0,1358633341.0,2019,Strong typhoon
Phanfone,Aklan,8.0,510342.0,9884.0,105539.0,115423,0.0,134198870.0,2019,Strong typhoon
Phanfone,Samar,1.0,395023.0,3931.0,43737.0,47668,60000.0,8362476.75,2019,Strong typhoon
Phanfone,Iloilo,16.0,273971.0,5124.0,24846.0,29970,0.0,202503192.9,2019,Strong typhoon
Phanfone,Eastern Samar,5.0,230861.0,50125.0,42148.0,92273,600000.0,525666256.1,2019,Strong typhoon
Phanfone,Cebu,1.0,131435.0,5262.0,21025.0,26287,0.0,14981300.0,2019,Strong typhoon
Phanfone,Occidental Mindoro,4.0,119037.0,4719.0,20240.0,24959,290860248.7,46224114.0,2019,Strong typhoon
Phanfone,Biliran,2.0,118852.0,3013.0,24264.0,27277,10918101.0,121160604.4,2019,Strong typhoon
Phanfone,Antique,0.0,81642.0,5115.0,11064.0,16179,0.0,192681266.0,2019,Strong typhoon
Phanfone,Oriental Mindoro,5.0,19214.0,1597.0,5581.0,7178,879794138.7,22424283.39,2019,Strong typhoon
Phanfone,Romblon,0.0,17059.0,805.0,2373.0,3178,15969900.0,4197086.0,2019,Strong typhoon
Phanfone,Dinagat Islands,0.0,1228.0,0.0,0.0,0,0.0,0.0,2019,Strong typhoon
Phanfone,Surigao del Norte,0.0,123.0,0.0,0.0,0,0.0,0.0,2019,Strong typhoon
Phanfone,Marinduque,0.0,7.0,0.0,0.0,0,0.0,0.0,2019,Strong typhoon
Phanfone,Southern Leyte,1.0,0.0,0.0,0.0,0,20000.0,0.0,2019,Strong typhoon
Vongfong,Ilocos Norte,0.0,6.0,0.0,0.0,0,0.0,0.0,2020,Very strong typhoon
Vongfong,Nueva Vizcaya,0.0,102.0,0.0,0.0,0,0.0,0.0,2020,Very strong typhoon
Vongfong,Aurora,0.0,3364.0,0.0,0.0,0,0.0,44112779.0,2020,Very strong typhoon
Vongfong,Bulacan,0.0,141.0,4.0,2.0,6,0.0,11046899.0,2020,Very strong typhoon
Vongfong,Eastern Samar,0.0,166473.0,2966.0,11095.0,14061,0.0,96963079.0,2020,Very strong typhoon
Vongfong,Northern Samar,0.0,402481.0,4662.0,37169.0,41831,0.0,92373103.0,2020,Very strong typhoon
Vongfong,Samar,0.0,5861.0,18.0,1353.0,1371,0.0,2015300.0,2020,Very strong typhoon
Vongfong,Benguet,0.0,132.0,0.0,0.0,0,0.0,0.0,2020,Very strong typhoon
Vongfong,Ifugao,0.0,11.0,0.0,0.0,0,0.0,223734.0,2020,Very strong typhoon
Molave,Aurora,0.0,218.0,0.0,0.0,0,8000000.0,5561162.0,2020,Very strong typhoon
Molave,Bulacan,0.0,117287.0,0.0,0.0,0,0.0,16394837.0,2020,Very strong typhoon
Molave,Nueva Ecija,0.0,5660.0,0.0,0.0,0,0.0,16478823.0,2020,Very strong typhoon
Molave,Pampanga,0.0,154463.0,0.0,0.0,0,0.0,47762031.0,2020,Very strong typhoon
Molave,Tarlac,0.0,2651.0,0.0,0.0,0,0.0,16708739.0,2020,Very strong typhoon
Molave,Batangas,0.0,30319.0,221.0,2340.0,2561,20000000.0,155217658.0,2020,Very strong typhoon
Molave,Cavite,0.0,631.0,7.0,6.0,13,0.0,112283538.0,2020,Very strong typhoon
Molave,Laguna,0.0,5374.0,0.0,17.0,17,0.0,90832990.0,2020,Very strong typhoon
Molave,Quezon,0.0,69166.0,565.0,5190.0,5755,0.0,626491779.0,2020,Very strong typhoon
Molave,Rizal,0.0,55.0,0.0,0.0,0,0.0,8972123.0,2020,Very strong typhoon
Molave,Marinduque,0.0,68971.0,753.0,13388.0,14141,314147234.5,22810094.0,2020,Very strong typhoon
Molave,Occidental Mindoro,0.0,38472.0,1690.0,5826.0,7516,68227843.55,457588918.0,2020,Very strong typhoon
Molave,Oriental Mindoro,0.0,146202.0,4354.0,33299.0,37653,985343625.7,376616070.0,2020,Very strong typhoon
Molave,Palawan,0.0,656.0,0.0,0.0,0,0.0,0.0,2020,Very strong typhoon
Molave,Romblon,0.0,5338.0,17.0,424.0,441,36264400.0,19545120.0,2020,Very strong typhoon
Molave,Albay,0.0,19237.0,612.0,11960.0,12572,1164800.0,202205122.0,2020,Very strong typhoon
Molave,Camarines Norte,0.0,4218.0,0.0,9.0,9,0.0,12744324.0,2020,Very strong typhoon
Molave,Camarines Sur,0.0,78489.0,465.0,9155.0,9620,63283100.0,120477362.0,2020,Very strong typhoon
Molave,Catanduanes,0.0,55428.0,244.0,1162.0,1406,8591000.0,4057261.0,2020,Very strong typhoon
Molave,Masbate,0.0,17142.0,188.0,1513.0,1701,300000.0,12403782.0,2020,Very strong typhoon
Molave,Sorsogon,0.0,37315.0,8.0,325.0,333,47915000.0,43902747.0,2020,Very strong typhoon
Molave,Antique,0.0,5022.0,5.0,54.0,59,0.0,44932528.0,2020,Very strong typhoon
Molave,Capiz,0.0,15.0,0.0,0.0,0,0.0,30626548.0,2020,Very strong typhoon
Molave,Iloilo,0.0,18323.0,7.0,23.0,30,7350000.0,105093309.0,2020,Very strong typhoon
Molave,Negros Occidental,0.0,2222.0,3.0,42.0,45,0.0,45288067.0,2020,Very strong typhoon
Molave,Negros Oriental,0.0,5102.0,6.0,1.0,7,0.0,0.0,2020,Very strong typhoon
Molave,Biliran,0.0,399.0,2.0,0.0,2,0.0,686309.0,2020,Very strong typhoon
Molave,Zambales,0.0,0.0,0.0,0.0,0,0.0,143061.0,2020,Very strong typhoon
Molave,Samar,0.0,0.0,0.0,0.0,0,0.0,0.0,2020,Very strong typhoon
Molave,Apayao,0.0,0.0,0.0,0.0,0,0.0,0.0,2020,Very strong typhoon
Molave,Metro Manila,0.0,0.0,0.0,0.0,0,0.0,0.0,2020,Very strong typhoon
Molave,Aklan,0.0,0.0,0.0,0.0,0,0.0,1226045.0,2020,Very strong typhoon
Goni,Metro Manila,0.0,20446.0,0.0,0.0,0,0.0,0.0,2020,Violent typhoon
Goni,Isabela,0.0,146.0,0.0,0.0,0,0.0,0.0,2020,Violent typhoon
Goni,Nueva Vizcaya,0.0,451.0,0.0,0.0,0,0.0,0.0,2020,Violent typhoon
Goni,Quirino,0.0,264.0,0.0,0.0,0,0.0,0.0,2020,Violent typhoon
Goni,Aurora,0.0,13602.0,0.0,0.0,0,0.0,589480.0,2020,Violent typhoon
Goni,Bataan,0.0,11549.0,0.0,0.0,0,0.0,17776898.0,2020,Violent typhoon
Goni,Bulacan,0.0,80507.0,0.0,0.0,0,0.0,1177380.0,2020,Violent typhoon
Goni,Nueva Ecija,0.0,8453.0,0.0,0.0,0,0.0,4008046.0,2020,Violent typhoon
Goni,Pampanga,0.0,174959.0,0.0,0.0,0,0.0,39829260.0,2020,Violent typhoon
Goni,Tarlac,0.0,11413.0,0.0,0.0,0,0.0,4364420.0,2020,Violent typhoon
Goni,Zambales,0.0,2520.0,0.0,0.0,0,0.0,0.0,2020,Violent typhoon
Goni,Batangas,0.0,83703.0,426.0,5502.0,5928,8515000.0,384876554.0,2020,Violent typhoon
Goni,Cavite,0.0,12874.0,0.0,1.0,1,0.0,8402695.0,2020,Violent typhoon
Goni,Laguna,0.0,33630.0,27.0,213.0,240,0.0,45345328.0,2020,Violent typhoon
Goni,Quezon,0.0,354852.0,1427.0,16887.0,18314,1530000.0,872574084.0,2020,Violent typhoon
Goni,Rizal,0.0,12517.0,0.0,0.0,0,0.0,23983870.0,2020,Violent typhoon
Goni,Marinduque,0.0,32343.0,93.0,709.0,802,191997800.2,16300000.0,2020,Violent typhoon
Goni,Occidental Mindoro,0.0,35879.0,0.0,0.0,0,500000.0,0.0,2020,Violent typhoon
Goni,Oriental Mindoro,0.0,35545.0,0.0,2.0,2,4502000.0,0.0,2020,Violent typhoon
Goni,Palawan,0.0,1728.0,0.0,0.0,0,0.0,0.0,2020,Violent typhoon
Goni,Romblon,0.0,13351.0,0.0,0.0,0,0.0,0.0,2020,Violent typhoon
Goni,Albay,0.0,474401.0,17299.0,58975.0,76274,5475280050.0,1072067127.0,2020,Violent typhoon
Goni,Camarines Norte,0.0,38736.0,116.0,934.0,1050,114030000.0,89134968.0,2020,Violent typhoon
Goni,Camarines Sur,0.0,169773.0,4585.0,20232.0,24817,501369843.6,1131044075.0,2020,Violent typhoon
Goni,Catanduanes,0.0,204229.0,13029.0,22076.0,35105,776590000.0,1165523692.0,2020,Violent typhoon
Goni,Masbate,0.0,41407.0,0.0,2.0,2,11550000.0,49606538.0,2020,Violent typhoon
Goni,Sorsogon,0.0,160160.0,447.0,7789.0,8236,12150000.0,74328208.0,2020,Violent typhoon
Goni,Northern Samar,0.0,200.0,0.0,0.0,0,0.0,173491.0,2020,Violent typhoon
Goni,Apayao,0.0,440.0,0.0,2.0,2,0.0,0.0,2020,Violent typhoon
Goni,Benguet,0.0,11.0,0.0,0.0,0,0.0,2311856.0,2020,Violent typhoon
Goni,Ifugao,0.0,23.0,0.0,0.0,0,0.0,0.0,2020,Violent typhoon
Goni,Kalinga,0.0,8.0,0.0,0.0,0,0.0,0.0,2020,Violent typhoon
Goni,Mountain Province,0.0,10.0,0.0,0.0,0,0.0,3799800.0,2020,Violent typhoon
Vamco,Metro Manila,0.0,54195.0,31.0,0.0,31,0.0,0.0,2020,Very strong typhoon
Vamco,Pangasinan,2.0,101898.0,118.0,2816.0,2934,220995000.0,418568334.0,2020,Very strong typhoon
Vamco,Cagayan,10.0,464336.0,172.0,475.0,647,2621213000.0,752361705.0,2020,Very strong typhoon
Vamco,Isabela,4.0,426282.0,68.0,166.0,234,561324825.0,876796600.0,2020,Very strong typhoon
Vamco,Nueva Vizcaya,3.0,15585.0,27.0,471.0,498,312130000.0,205542402.0,2020,Very strong typhoon
Vamco,Quirino,3.0,7072.0,107.0,14.0,121,829250000.0,47725390.0,2020,Very strong typhoon
Vamco,Bulacan,3.0,1532103.0,3834.0,28955.0,32789,423200000.0,355492979.0,2020,Very strong typhoon
Vamco,Pampanga,1.0,386929.0,692.0,11038.0,11730,93700000.0,202828513.0,2020,Very strong typhoon
Vamco,Laguna,0.0,50411.0,207.0,1533.0,1740,52960000.0,97398501.0,2020,Very strong typhoon
Vamco,Batangas,0.0,13719.0,7.0,192.0,199,164590200.0,387622110.0,2020,Very strong typhoon
Vamco,Quezon,0.0,308061.0,2319.0,20577.0,22896,1296160000.0,482921465.0,2020,Very strong typhoon
Vamco,Rizal,6.0,243885.0,1731.0,3544.0,5275,17500000.0,238491494.0,2020,Very strong typhoon
Vamco,Cavite,3.0,14881.0,0.0,0.0,0,532460000.0,43698461.0,2020,Very strong typhoon
Vamco,Occidental Mindoro,0.0,4599.0,0.0,0.0,0,0.0,561500.0,2020,Very strong typhoon
Vamco,Oriental Mindoro,0.0,3792.0,0.0,0.0,0,10000000.0,0.0,2020,Very strong typhoon
Vamco,Camarines Norte,0.0,298165.0,4463.0,28930.0,33393,241205000.0,193172175.0,2020,Very strong typhoon
Vamco,Camarines Sur,0.0,555339.0,9505.0,50641.0,60146,0.0,220735708.0,2020,Very strong typhoon
Vamco,Sorsogon,0.0,30505.0,2.0,28.0,30,0.0,21976000.0,2020,Very strong typhoon
Vamco,Apayao,0.0,0.0,0.0,0.0,0,66102950.0,75105543.0,2020,Very strong typhoon
Vamco,Kalinga,0.0,1015.0,1.0,110.0,111,121470000.0,81672131.0,2020,Very strong typhoon
Vamco,Aurora,0.0,58609.0,519.0,5422.0,5941,94200000.0,123607240.0,2020,Very strong typhoon
Vamco,Ifugao,12.0,3440.0,29.0,294.0,323,100594376.9,188862255.0,2020,Very strong typhoon
Vamco,Benguet,1.0,1546.0,21.0,346.0,367,104860000.0,183051745.0,2020,Very strong typhoon
Vamco,Romblon,0.0,292.0,0.0,0.0,0,0.0,0.0,2020,Very strong typhoon
Vamco,Ilocos Norte,0.0,5659.0,0.0,11.0,11,326300000.0,5988161.0,2020,Very strong typhoon
Vamco,La Union,0.0,61.0,1.0,10.0,11,0.0,1271005.0,2020,Very strong typhoon
Vamco,Bataan,0.0,12295.0,15.0,165.0,180,46000000.0,87131068.0,2020,Very strong typhoon
Vamco,Nueva Ecija,1.0,295763.0,1832.0,18560.0,20392,296109651.3,304058513.0,2020,Very strong typhoon
Vamco,Tarlac,0.0,34973.0,666.0,7022.0,7688,109500000.0,209357062.0,2020,Very strong typhoon
Vamco,Zambales,1.0,4071.0,11.0,430.0,441,66300000.0,97348950.0,2020,Very strong typhoon
Vamco,Albay,0.0,217807.0,86.0,756.0,842,0.0,2341895.0,2020,Very strong typhoon
Vamco,Catanduanes,0.0,9115.0,0.0,0.0,0,0.0,0.0,2020,Very strong typhoon
Vamco,Masbate,0.0,27390.0,46.0,39.0,85,0.0,32311605.0,2020,Very strong typhoon
Vamco,Abra,1.0,416.0,0.0,11.0,11,4600000.0,8593193.0,2020,Very strong typhoon
Vamco,Mountain Province,0.0,615.0,0.0,104.0,104,101928000.0,67556534.0,2020,Very strong typhoon
Krovanh,Negros Oriental,0.0,638.0,6.0,1.0,7,0.0,0.0,2020,Tropical storm
Krovanh,Cebu,0.0,1900.0,60.0,35.0,95,5000000.0,0.0,2020,Tropical storm
Krovanh,Surigao del Sur,0.0,78784.0,71.0,540.0,611,4731970.75,10789900.0,2020,Tropical storm
Krovanh,Agusan del Sur,0.0,82694.0,338.0,0.0,338,126720000.0,4439410.0,2020,Tropical storm
Krovanh,Davao de Oro,0.0,1268.0,0.0,1.0,1,6840000.0,21469638.0,2020,Tropical storm
Krovanh,Dinagat Islands,0.0,10.0,2.0,0.0,2,0.0,0.0,2020,Tropical storm
Krovanh,Bohol,0.0,60.0,0.0,0.0,0,0.0,0.0,2020,Tropical storm
Krovanh,Leyte,0.0,38.0,0.0,0.0,0,0.0,0.0,2020,Tropical storm
Krovanh,Davao del Norte,0.0,1530.0,0.0,0.0,0,0.0,0.0,2020,Tropical storm
Krovanh,Davao Oriental,0.0,20.0,0.0,0.0,0,0.0,0.0,2020,Tropical storm
Krovanh,Agusan del Norte,0.0,6775.0,0.0,0.0,0,0.0,10233940.0,2020,Tropical storm
Krovanh,Surigao del Norte,0.0,2232.0,0.0,0.0,0,6740000.0,4207830.0,2020,Tropical storm
Egay,Bataan,2.0,0.0,0.0,0.0,0,0.0,0.0,2011,Tropical storm
Egay,Zambales,0.0,2478.0,0.0,5.0,5,0.0,0.0,2011,Tropical storm
Helen,Bulacan,0.0,1559.0,0.0,0.0,0,0.0,0.0,2016,Very strong typhoon
Auring,Surigao del Sur,0.0,0.0,1.0,0.0,1,4940000.0,16365832.0,2017,Tropical depression
Auring,Agusan del Norte,0.0,14324.0,0.0,1.0,1,0.0,23637103.0,2017,Tropical depression
Auring,Cebu,0.0,68.0,0.0,0.0,0,0.0,0.0,2017,Tropical depression
Auring,Agusan del Sur,0.0,345.0,0.0,0.0,0,68000000.0,141081774.0,2017,Tropical depression
Auring,Dinagat Islands,0.0,7344.0,0.0,0.0,0,405000.0,488565.0,2017,Tropical depression
Auring,Surigao del Norte,0.0,11393.0,0.0,0.0,0,0.0,12745687.0,2017,Tropical depression
Auring,Surigao del Sur,0.0,9597.0,0.0,0.0,0,4940000.0,16365832.0,2017,Tropical depression
Crising_2,Cebu,9.0,8489.0,56.0,783.0,839,0.0,0.0,2017,Tropical depression
Crising_2,Leyte,1.0,427.0,0.0,0.0,0,0.0,0.0,2017,Tropical depression
Kirogi,Palawan,0.0,230.0,1.0,2.0,3,0.0,0.0,2017,Tropical storm
Kirogi,Davao del Sur,0.0,267.0,0.0,0.0,0,0.0,0.0,2017,Tropical storm
Danas,Ilocos Norte,0.0,5.0,0.0,1.0,1,914000000.0,0.0,2019,Tropical storm
Danas,Apayao,0.0,409.0,1.0,1.0,2,0.0,492320.0,2019,Tropical storm
Danas,Cagayan,0.0,502.0,0.0,0.0,0,118879500.0,36556039.0,2019,Tropical storm
Danas,Abra,0.0,2.0,0.0,0.0,0,0.0,0.0,2019,Tropical storm
Danas,Mountain Province,0.0,84.0,0.0,0.0,0,0.0,0.0,2019,Tropical storm
Ofel,Cebu,0.0,20330.0,7.0,0.0,7,0.0,0.0,2020,Tropical depression
Ofel,Laguna,0.0,651.0,0.0,0.0,0,0.0,0.0,2020,Tropical depression
Ofel,Quezon,0.0,4944.0,0.0,0.0,0,0.0,51562.5,2020,Tropical depression
Ofel,Camarines Norte,0.0,238.0,0.0,0.0,0,0.0,0.0,2020,Tropical depression
Ofel,Camarines Sur,0.0,522.0,0.0,0.0,0,0.0,0.0,2020,Tropical depression
Saudel,Quezon,0.0,26396.0,4.0,4.0,8,0.0,11913175.0,2020,Strong typhoon
Saudel,Benguet,0.0,3.0,0.0,1.0,1,0.0,0.0,2020,Strong typhoon
Saudel,Cagayan,0.0,95.0,0.0,0.0,0,0.0,13713536.0,2020,Strong typhoon
Saudel,Isabela,0.0,1999.0,0.0,0.0,0,29200000.0,21654930.0,2020,Strong typhoon
Saudel,Nueva Vizcaya,0.0,28.0,0.0,0.0,0,0.0,201600.0,2020,Strong typhoon
Saudel,Quirino,0.0,141.0,0.0,0.0,0,0.0,863522.0,2020,Strong typhoon
Saudel,Aurora,0.0,1154.0,0.0,0.0,0,0.0,912181.0,2020,Strong typhoon
Saudel,Bulacan,0.0,23935.0,0.0,0.0,0,0.0,7719292.0,2020,Strong typhoon
Saudel,Nueva Ecija,0.0,1533.0,0.0,0.0,0,0.0,13284456.0,2020,Strong typhoon
Saudel,Pampanga,0.0,68467.0,0.0,0.0,0,0.0,526176.0,2020,Strong typhoon
Saudel,Laguna,0.0,9.0,0.0,0.0,0,0.0,0.0,2020,Strong typhoon
